,time,c1,c2,c3,c4
0,1645722265204241.0,-700.1953125,-506.34765625,-577.63671875,-695.3125
1,1645722265208147.2,-1000.0,-1000.0,-1000.0,-1000.0
2,1645722265212053.5,586.42578125,-123.53515625,-145.99609375,534.66796875
3,1645722265215959.8,-898.92578125,-945.80078125,661.1328125,-864.2578125
4,1645722265219866.0,-432.6171875,303.22265625,-92.28515625,-339.35546875
5,1645722265223772.2,-1000.0,-1000.0,-1000.0,-1000.0
6,1645722265227678.5,62.01171875,-783.203125,-591.30859375,-68.359375
7,1645722265231584.8,-840.33203125,807.12890625,484.375,-852.05078125
8,1645722265235491.0,302.734375,856.4453125,349.609375,482.91015625
9,1645722265239397.2,-1000.0,-768.5546875,-850.5859375,-1000.0
10,1645722265243303.5,-708.0078125,-1000.0,-911.1328125,-817.87109375
11,1645722265247209.8,904.78515625,358.3984375,311.5234375,846.19140625
12,1645722265251116.0,886.23046875,955.56640625,576.66015625,954.1015625
13,1645722265255022.2,-800.29296875,-543.45703125,-669.921875,-746.58203125
14,1645722265258928.5,-1000.0,-1000.0,-1000.0,-1000.0
15,1645722265262834.8,687.01171875,-239.74609375,-88.8671875,678.22265625
16,1645722265266741.0,-982.91015625,932.6171875,670.8984375,-977.05078125
17,1645722265270647.2,-677.734375,-241.2109375,-460.44921875,-654.296875
18,1645722265274553.5,-1000.0,-1000.0,-1000.0,-1000.0
19,1645722265278459.8,500.0,-346.6796875,-242.67578125,421.875
20,1645722265282366.0,-860.83984375,989.74609375,699.21875,-832.03125
21,1645722265286272.2,-288.0859375,457.03125,5.37109375,-172.36328125
22,1645722265290178.5,-1000.0,-1000.0,-999.51171875,-1000.0
23,1645722265294084.8,-134.27734375,-794.43359375,-618.1640625,-298.33984375
24,1645722265297991.0,-878.41796875,816.40625,559.5703125,-915.0390625
25,1645722265301897.2,504.8828125,904.78515625,426.26953125,656.25
26,1645722265305803.5,-1000.0,-775.390625,-867.67578125,-958.0078125
27,1645722265309709.8,-830.56640625,-1000.0,-919.43359375,-915.0390625
28,1645722265313616.0,829.58984375,617.67578125,414.55078125,770.01953125
29,1645722265317522.2,951.66015625,998.046875,596.6796875,998.53515625
30,1645722265321428.5,-750.9765625,-634.27734375,-734.86328125,-714.35546875
31,1645722265325334.8,-1000.0,-1000.0,-1000.0,-1000.0
32,1645722265329241.0,672.8515625,234.375,18.06640625,669.43359375
33,1645722265333147.2,-964.84375,-977.05078125,666.50390625,-948.2421875
34,1645722265337053.5,-623.53515625,-406.73828125,-443.84765625,-574.70703125
35,1645722265340959.8,-1000.0,-1000.0,-1000.0,-1000.0
36,1645722265344866.0,388.671875,-427.24609375,-293.45703125,297.36328125
37,1645722265348772.2,-834.9609375,935.546875,658.69140625,-813.4765625
38,1645722265352678.5,-120.60546875,563.96484375,112.79296875,24.4140625
39,1645722265356584.8,-1000.0,-985.83984375,-961.9140625,-1000.0
40,1645722265360491.0,-369.140625,-884.27734375,-709.47265625,-540.0390625
41,1645722265364397.2,-948.73046875,749.0234375,375.9765625,996.09375
42,1645722265368303.5,666.015625,917.48046875,314.453125,778.80859375
43,1645722265372209.8,-946.77734375,-733.3984375,-813.96484375,-889.6484375
44,1645722265376116.0,-925.78125,-1000.0,-971.19140625,-987.3046875
45,1645722265380022.2,756.34765625,476.07421875,232.91015625,707.03125
46,1645722265383928.5,992.1875,-951.66015625,631.34765625,-986.81640625
47,1645722265387834.8,-721.19140625,-452.1484375,-575.1953125,-707.03125
48,1645722265391741.0,-1000.0,-1000.0,-1000.0,-1000.0
49,1645722265395647.2,645.99609375,-333.49609375,-175.29296875,624.51171875
50,1645722265399553.5,-934.08203125,902.83203125,633.30078125,-901.3671875
51,1645722265403459.8,-536.62109375,210.9375,-205.56640625,-456.0546875
52,1645722265407366.0,-1000.0,-1000.0,-1000.0,-1000.0
53,1645722265411272.2,240.72265625,-897.4609375,-650.390625,133.30078125
54,1645722265415178.5,-824.70703125,700.68359375,498.53515625,-817.3828125
55,1645722265419084.8,88.37890625,806.15234375,317.87109375,250.0
56,1645722265422991.0,-1000.0,-887.20703125,-914.0625,-1000.0
57,1645722265426897.2,-557.12890625,-1000.0,-917.48046875,-698.73046875
58,1645722265430803.5,979.98046875,672.36328125,431.15234375,920.41015625
59,1645722265434709.8,789.0625,998.046875,585.9375,873.046875
60,1645722265438616.0,-873.53515625,-682.6171875,-788.57421875,-817.3828125
61,1645722265442522.2,-985.3515625,-1000.0,-1000.0,-1000.0
62,1645722265446428.5,711.9140625,483.3984375,252.9296875,681.15234375
63,1645722265450334.8,-990.72265625,-940.91796875,660.64453125,-987.79296875
64,1645722265454241.0,-700.1953125,-455.56640625,-583.49609375,-694.82421875
65,1645722265458147.2,-1000.0,-1000.0,-1000.0,-1000.0
66,1645722265462053.5,586.42578125,-110.83984375,-11.23046875,531.25
67,1645722265465959.8,-898.4375,-936.03515625,722.16796875,-864.74609375
68,1645722265469866.0,-434.08203125,154.78515625,-259.765625,-339.35546875
69,1645722265473772.2,-1000.0,-1000.0,-1000.0,-1000.0
70,1645722265477678.5,68.84765625,-647.94921875,-495.1171875,-78.125
71,1645722265481584.8,-838.8671875,882.32421875,590.33203125,-854.98046875
72,1645722265485491.0,301.26953125,596.19140625,201.171875,493.65234375
73,1645722265489397.2,-1000.0,-979.00390625,-958.49609375,-1000.0
74,1645722265493303.5,-696.77734375,-975.09765625,-817.87109375,-804.19921875
75,1645722265497209.8,906.25,685.546875,432.12890625,855.95703125
76,1645722265501116.0,690.4296875,661.62109375,298.33984375,668.9453125
77,1645722265505022.2,-875.48828125,-887.20703125,-882.32421875,-864.2578125
78,1645722265508928.5,-989.2578125,-1000.0,-998.046875,-990.72265625
79,1645722265512834.8,671.38671875,335.9375,89.84375,654.78515625
80,1645722265516741.0,-976.5625,-890.625,597.16796875,-969.7265625
81,1645722265520647.2,-676.7578125,-158.203125,-470.703125,-653.3203125
82,1645722265524553.5,-1000.0,-1000.0,-1000.0,-1000.0
83,1645722265528459.8,499.51171875,-429.19921875,-296.875,416.015625
84,1645722265532366.0,-861.81640625,958.0078125,597.16796875,-833.984375
85,1645722265536272.2,-288.57421875,495.60546875,42.48046875,-175.78125
86,1645722265540178.5,-1000.0,-990.234375,-980.95703125,-1000.0
87,1645722265544084.8,-145.5078125,-893.5546875,-687.98828125,-322.265625
88,1645722265547991.0,-881.8359375,747.0703125,523.92578125,-924.8046875
89,1645722265551897.2,506.34765625,876.46484375,387.20703125,660.64453125
90,1645722265555803.5,-1000.0,-764.6484375,-849.609375,-959.47265625
91,1645722265559709.8,-837.40234375,-1000.0,-1000.0,-915.52734375
92,1645722265563616.0,823.2421875,349.609375,216.30859375,768.5546875
93,1645722265567522.2,953.61328125,-948.73046875,651.85546875,-1000.0
94,1645722265571428.5,-750.48828125,-535.15625,-648.92578125,-713.37890625
95,1645722265575334.8,-1000.0,-1000.0,-1000.0,-1000.0
96,1645722265579241.0,672.36328125,237.3046875,80.56640625,668.9453125
97,1645722265583147.2,-962.890625,-875.0,698.2421875,-947.265625
98,1645722265587053.5,-627.9296875,3.41796875,-371.58203125,-575.1953125
99,1645722265590959.8,-1000.0,-1000.0,-1000.0,-1000.0
100,1645722265594866.0,394.04296875,-422.8515625,-292.96875,289.55078125
101,1645722265598772.2,-957.51953125,940.4296875,560.05859375,-890.13671875
102,1645722265602678.5,-164.0625,457.03125,13.671875,-2.9296875
103,1645722265606584.8,-1000.0,-1000.0,-947.75390625,-1000.0
104,1645722265610491.0,-381.34765625,-870.1171875,-715.33203125,-546.38671875
105,1645722265614397.2,-945.3125,771.484375,539.55078125,996.09375
106,1645722265618303.5,666.9921875,913.57421875,494.62890625,788.0859375
107,1645722265622209.8,-945.80078125,-772.4609375,-860.83984375,-886.23046875
108,1645722265626116.0,-926.7578125,-1000.0,-965.33203125,-983.3984375
109,1645722265630022.2,754.8828125,573.2421875,359.375,705.078125
110,1645722265633928.5,994.140625,989.2578125,548.33984375,913.57421875
111,1645722265637834.8,-718.75,-604.00390625,-698.2421875,-740.234375
112,1645722265641741.0,-1000.0,-1000.0,-1000.0,-1000.0
113,1645722265645647.2,646.484375,-62.01171875,-93.26171875,612.79296875
114,1645722265649553.5,-936.03515625,954.58984375,631.34765625,-898.92578125
115,1645722265653459.8,-539.55078125,-219.7265625,-327.63671875,-451.66015625
116,1645722265657366.0,-1000.0,-1000.0,-1000.0,-1000.0
117,1645722265661272.2,236.81640625,-504.8828125,-361.81640625,107.91015625
118,1645722265665178.5,-824.70703125,906.25,641.11328125,-822.75390625
119,1645722265669084.8,90.8203125,767.578125,262.6953125,260.7421875
120,1645722265672991.0,-1000.0,-852.05078125,-877.44140625,-1000.0
121,1645722265676897.2,-560.05859375,-998.046875,-809.08203125,-709.9609375
122,1645722265680803.5,977.5390625,686.03515625,410.15625,912.109375
123,1645722265684709.8,795.41015625,971.19140625,518.06640625,881.8359375
124,1645722265688616.0,-868.1640625,-646.97265625,-735.83984375,-810.546875
125,1645722265692522.2,-988.76953125,-1000.0,-1000.0,-1000.0
126,1645722265696428.5,709.9609375,80.56640625,54.6875,681.640625
127,1645722265700334.8,-990.234375,968.26171875,616.2109375,-987.3046875
128,1645722265704241.0,-699.70703125,-252.9296875,-489.2578125,-694.3359375
129,1645722265708147.2,-1000.0,-1000.0,-1000.0,-1000.0
130,1645722265712053.5,583.49609375,-581.54296875,-315.4296875,528.3203125
131,1645722265715959.8,-898.4375,860.83984375,655.2734375,-863.76953125
132,1645722265719866.0,-430.6640625,383.7890625,-42.96875,-333.0078125
133,1645722265723772.2,-1000.0,-1000.0,-1000.0,-1000.0
134,1645722265727678.5,52.24609375,-842.28515625,-669.921875,-102.05078125
135,1645722265731584.8,-841.30859375,769.04296875,531.25,-861.81640625
136,1645722265735491.0,316.89453125,882.32421875,410.15625,497.0703125
137,1645722265739397.2,-1000.0,-824.70703125,-885.7421875,-1000.0
138,1645722265743303.5,-716.796875,-1000.0,-894.53125,-826.66015625
139,1645722265747209.8,901.3671875,665.0390625,458.49609375,837.40234375
140,1645722265751116.0,888.671875,-995.60546875,626.46484375,959.47265625
141,1645722265755022.2,-799.31640625,-631.8359375,-730.95703125,-742.67578125
142,1645722265758928.5,-1000.0,-1000.0,-1000.0,-1000.0
143,1645722265762834.8,686.03515625,273.92578125,96.19140625,678.7109375
144,1645722265766741.0,-982.91015625,-926.26953125,709.47265625,-979.00390625
145,1645722265770647.2,-677.24609375,-310.546875,-544.43359375,-652.83203125
146,1645722265774553.5,-1000.0,-1000.0,-1000.0,-1000.0
147,1645722265778459.8,496.58203125,-252.9296875,-152.83203125,407.2265625
148,1645722265782366.0,-861.328125,990.234375,685.546875,-830.56640625
149,1645722265786272.2,-286.1328125,47.36328125,-240.234375,-160.15625
150,1645722265790178.5,-1000.0,-1000.0,-1000.0,-1000.0
151,1645722265794084.8,-152.83203125,-737.3046875,-566.89453125,-326.66015625
152,1645722265797991.0,-883.7890625,784.1796875,509.27734375,-926.26953125
153,1645722265801897.2,505.859375,567.87109375,208.49609375,671.38671875
154,1645722265805803.5,-1000.0,-960.44921875,-923.828125,-950.68359375
155,1645722265809709.8,-841.796875,-1000.0,-872.0703125,-923.828125
156,1645722265813616.0,819.3359375,582.03125,387.20703125,761.71875
157,1645722265817522.2,955.078125,-965.8203125,617.67578125,-998.53515625
158,1645722265821428.5,-750.48828125,-553.7109375,-677.24609375,-713.37890625
159,1645722265825334.8,-1000.0,-1000.0,-1000.0,-1000.0
160,1645722265829241.0,672.36328125,85.44921875,-34.1796875,667.96875
161,1645722265833147.2,-963.37890625,-943.359375,578.61328125,-943.84765625
162,1645722265837053.5,-620.1171875,-106.4453125,-402.83203125,-566.40625
163,1645722265840959.8,-1000.0,-1000.0,-1000.0,-1000.0
164,1645722265844866.0,383.7890625,-591.796875,-411.62109375,290.0390625
165,1645722265848772.2,-833.49609375,838.37890625,578.125,-811.5234375
166,1645722265852678.5,-107.91015625,617.67578125,174.31640625,42.96875
167,1645722265856584.8,-1000.0,-930.17578125,-941.40625,-1000.0
168,1645722265860491.0,-381.8359375,-1000.0,-835.9375,-544.43359375
169,1645722265864397.2,-952.63671875,618.65234375,464.84375,993.1640625
170,1645722265868303.5,667.48046875,968.26171875,536.1328125,791.50390625
171,1645722265872209.8,-946.77734375,-719.7265625,-812.5,-876.46484375
172,1645722265876116.0,-928.22265625,-1000.0,-1000.0,-994.140625
173,1645722265880022.2,752.44140625,416.015625,203.61328125,703.125
174,1645722265883928.5,995.1171875,-933.10546875,665.0390625,-986.328125
175,1645722265887834.8,-718.75,-451.171875,-581.0546875,-706.0546875
176,1645722265891741.0,-1000.0,-1000.0,-1000.0,-1000.0
177,1645722265895647.2,645.01953125,57.12890625,-61.5234375,618.1640625
178,1645722265899553.5,-933.10546875,-903.3203125,707.03125,-900.390625
179,1645722265903459.8,-535.15625,109.86328125,-257.32421875,-450.1953125
180,1645722265907366.0,-1000.0,-1000.0,-1000.0,-1000.0
181,1645722265911272.2,238.28125,-594.7265625,-396.97265625,110.3515625
182,1645722265915178.5,-824.21875,899.4140625,633.30078125,-821.2890625
183,1645722265919084.8,90.8203125,605.95703125,165.0390625,275.87890625
184,1645722265922991.0,-1000.0,-944.82421875,-933.59375,-1000.0
185,1645722265926897.2,-558.10546875,-998.53515625,-818.84765625,-700.68359375
186,1645722265930803.5,979.00390625,666.50390625,445.3125,918.45703125
187,1645722265934709.8,794.43359375,920.41015625,488.28125,887.6953125
188,1645722265938616.0,-869.140625,-780.2734375,-828.125,-799.8046875
189,1645722265942522.2,-987.79296875,-1000.0,-1000.0,-1000.0
190,1645722265946428.5,710.9375,506.8359375,255.859375,681.640625
191,1645722265950334.8,-990.72265625,985.3515625,623.046875,-987.3046875
192,1645722265954241.0,-699.70703125,-583.49609375,-601.5625,-694.82421875
193,1645722265958147.2,-1000.0,-1000.0,-1000.0,-1000.0
194,1645722265962053.5,583.49609375,-118.65234375,-132.8125,529.78515625
195,1645722265965959.8,-897.94921875,-949.21875,652.83203125,-864.74609375
196,1645722265969866.0,-428.7109375,291.9921875,-134.765625,-329.1015625
197,1645722265973772.2,-1000.0,-1000.0,-1000.0,-1000.0
198,1645722265977678.5,50.78125,-805.6640625,-609.375,-124.0234375
199,1645722265981584.8,-841.796875,790.52734375,457.51953125,-868.1640625
200,1645722265985491.0,317.3828125,874.51171875,352.5390625,493.1640625
201,1645722265989397.2,-1000.0,-775.390625,-843.26171875,-1000.0
202,1645722265993303.5,-719.7265625,-1000.0,-950.68359375,-831.54296875
203,1645722265997209.8,896.484375,478.515625,321.77734375,830.56640625
204,1645722266001116.0,896.97265625,984.86328125,599.609375,962.40234375
205,1645722266005022.2,-791.50390625,-561.03515625,-681.640625,-741.69921875
206,1645722266008928.5,-1000.0,-1000.0,-1000.0,-1000.0
207,1645722266012834.8,686.5234375,-250.9765625,-105.95703125,677.734375
208,1645722266016741.0,-982.421875,926.26953125,662.109375,-974.609375
209,1645722266020647.2,-675.78125,-260.25390625,-473.6328125,-648.4375
210,1645722266024553.5,-1000.0,-1000.0,-1000.0,-1000.0
211,1645722266028459.8,492.67578125,-409.1796875,-260.25390625,412.59765625
212,1645722266032366.0,-859.86328125,952.1484375,687.01171875,-830.078125
213,1645722266036272.2,-280.2734375,480.46875,20.5078125,-155.76171875
214,1645722266040178.5,-1000.0,-1000.0,-997.55859375,-1000.0
215,1645722266044084.8,-155.76171875,-798.828125,-617.67578125,-330.078125
216,1645722266047991.0,-884.27734375,821.77734375,551.7578125,-926.7578125
217,1645722266051897.2,510.7421875,860.83984375,387.20703125,668.45703125
218,1645722266055803.5,-1000.0,-811.03515625,-875.0,-951.171875
219,1645722266059709.8,-846.19140625,-1000.0,-921.38671875,-929.19921875
220,1645722266063616.0,816.89453125,605.46875,391.6015625,754.8828125
221,1645722266067522.2,956.54296875,-996.09375,595.21484375,-997.0703125
222,1645722266071428.5,-750.0,-629.8828125,-722.65625,-713.8671875
223,1645722266075334.8,-1000.0,-1000.0,-1000.0,-1000.0
224,1645722266079241.0,672.36328125,249.0234375,33.69140625,666.50390625
225,1645722266083147.2,-962.40234375,-969.7265625,678.22265625,-939.453125
226,1645722266087053.5,-618.1640625,-402.83203125,-522.4609375,-560.05859375
227,1645722266090959.8,-1000.0,-1000.0,-1000.0,-1000.0
228,1645722266094866.0,382.8125,-370.1171875,-255.37109375,291.015625
229,1645722266098772.2,-833.984375,914.55078125,650.390625,-808.59375
230,1645722266102678.5,-109.86328125,144.53125,-145.5078125,73.2421875
231,1645722266106584.8,-1000.0,-1000.0,-1000.0,-1000.0
232,1645722266110491.0,-385.25390625,-879.39453125,-688.96484375,-541.50390625
233,1645722266114397.2,-954.58984375,672.8515625,417.48046875,998.046875
234,1645722266118303.5,673.828125,964.35546875,377.44140625,795.41015625
235,1645722266122209.8,-943.359375,-714.35546875,-824.70703125,-870.60546875
236,1645722266126116.0,-928.22265625,-1000.0,-951.171875,-994.140625
237,1645722266130022.2,754.39453125,484.86328125,278.80859375,705.078125
238,1645722266133928.5,994.62890625,-940.4296875,644.04296875,-986.81640625
239,1645722266137834.8,-717.7734375,-416.015625,-551.26953125,-706.0546875
240,1645722266141741.0,-1000.0,-1000.0,-1000.0,-1000.0
241,1645722266145647.2,642.578125,-364.2578125,-175.29296875,615.72265625
242,1645722266149553.5,-933.10546875,890.13671875,647.94921875,-895.5078125
243,1645722266153459.8,-533.203125,233.88671875,-169.43359375,-446.2890625
244,1645722266157366.0,-1000.0,-1000.0,-1000.0,-1000.0
245,1645722266161272.2,229.00390625,-910.15625,-653.80859375,128.41796875
246,1645722266165178.5,-825.68359375,694.3359375,491.2109375,-815.91796875
247,1645722266169084.8,93.75,708.0078125,254.39453125,303.7109375
248,1645722266172991.0,-1000.0,-940.91796875,-941.89453125,-1000.0
249,1645722266176897.2,-561.5234375,-989.74609375,-914.0625,-702.63671875
250,1645722266180803.5,975.5859375,664.0625,415.52734375,921.875
251,1645722266184709.8,803.22265625,-996.58203125,580.078125,891.6015625
252,1645722266188616.0,-861.81640625,-679.19921875,-779.296875,-794.43359375
253,1645722266192522.2,-990.234375,-1000.0,-1000.0,-1000.0
254,1645722266196428.5,710.44921875,479.98046875,215.8203125,682.12890625
255,1645722266200334.8,-990.234375,-933.10546875,673.828125,-987.79296875
256,1645722266204241.0,-699.70703125,-410.15625,-548.33984375,-693.359375
257,1645722266208147.2,-1000.0,-1000.0,-1000.0,-1000.0
258,1645722266212053.5,582.03125,-223.6328125,-141.6015625,520.99609375
259,1645722266215959.8,-895.5078125,-969.7265625,721.6796875,-862.79296875
260,1645722266219866.0,-422.8515625,228.515625,-135.25390625,-327.1484375
261,1645722266223772.2,-1000.0,-1000.0,-1000.0,-1000.0
262,1645722266227678.5,44.43359375,-755.37109375,-551.7578125,-123.046875
263,1645722266231584.8,-842.7734375,830.078125,585.9375,-868.1640625
264,1645722266235491.0,317.87109375,664.55078125,307.12890625,514.16015625
265,1645722266239397.2,-1000.0,-953.61328125,-916.015625,-1000.0
266,1645722266243303.5,-717.28515625,-994.62890625,-837.890625,-825.1953125
267,1645722266247209.8,899.4140625,677.734375,466.796875,839.84375
268,1645722266251116.0,892.578125,914.0625,527.34375,965.33203125
269,1645722266255022.2,-794.921875,-767.578125,-799.8046875,-734.375
270,1645722266258928.5,-1000.0,-1000.0,-1000.0,-1000.0
271,1645722266262834.8,686.03515625,337.40234375,128.41796875,677.24609375
272,1645722266266741.0,-981.4453125,-889.16015625,636.71875,-972.16796875
273,1645722266270647.2,-673.828125,-120.1171875,-424.8046875,-645.5078125
274,1645722266274553.5,-1000.0,-1000.0,-1000.0,-1000.0
275,1645722266278459.8,493.1640625,-367.67578125,-231.4453125,414.55078125
276,1645722266282366.0,-860.3515625,976.5625,618.1640625,-830.078125
277,1645722266286272.2,-278.3203125,339.84375,-34.1796875,-151.3671875
278,1645722266290178.5,-1000.0,-1000.0,-1000.0,-1000.0
279,1645722266294084.8,-164.0625,-868.1640625,-658.203125,-331.0546875
280,1645722266297991.0,-890.625,735.3515625,552.734375,-931.640625
281,1645722266301897.2,417.48046875,763.18359375,355.46875,577.1484375
282,1645722266305803.5,-1000.0,-814.453125,-872.55859375,-980.95703125
283,1645722266309709.8,-827.63671875,-1000.0,-979.4921875,-913.0859375
284,1645722266313616.0,810.05859375,355.46875,245.60546875,749.0234375
285,1645722266317522.2,962.40234375,-958.984375,672.8515625,-994.62890625
286,1645722266321428.5,-746.09375,-521.97265625,-625.48828125,-713.8671875
287,1645722266325334.8,-1000.0,-1000.0,-1000.0,-1000.0
288,1645722266329241.0,672.36328125,69.3359375,-13.18359375,666.50390625
289,1645722266333147.2,-961.9140625,-905.76171875,728.02734375,-940.4296875
290,1645722266337053.5,-617.1875,45.41015625,-311.03515625,-560.05859375
291,1645722266340959.8,-1000.0,-1000.0,-1000.0,-1000.0
292,1645722266344866.0,381.8359375,-554.6875,-358.3984375,287.109375
293,1645722266348772.2,-832.03125,917.96875,668.9453125,-810.05859375
294,1645722266352678.5,-102.5390625,526.85546875,128.41796875,65.91796875
295,1645722266356584.8,-1000.0,-999.0234375,-959.9609375,-1000.0
296,1645722266360491.0,-373.046875,-877.9296875,-714.35546875,-552.24609375
297,1645722266364397.2,-948.73046875,764.16015625,546.38671875,992.67578125
298,1645722266368303.5,674.8046875,927.24609375,510.25390625,792.48046875
299,1645722266372209.8,-939.94140625,-759.27734375,-847.65625,-875.0
300,1645722266376116.0,-930.6640625,-1000.0,-955.56640625,-996.09375
301,1645722266380022.2,752.44140625,575.1953125,397.94921875,701.171875
302,1645722266383928.5,995.1171875,983.3984375,661.62109375,-985.83984375
303,1645722266387834.8,-717.7734375,-609.375,-683.10546875,-706.54296875
304,1645722266391741.0,-1000.0,-1000.0,-1000.0,-1000.0
305,1645722266395647.2,644.53125,-87.890625,-69.3359375,616.69921875
306,1645722266399553.5,-934.08203125,941.40625,626.953125,-896.484375
307,1645722266403459.8,-534.66796875,-285.15625,-384.765625,-442.87109375
308,1645722266407366.0,-1000.0,-1000.0,-1000.0,-1000.0
309,1645722266411272.2,228.515625,-510.25390625,-366.69921875,108.3984375
310,1645722266415178.5,-825.1953125,892.08984375,614.2578125,-820.80078125
311,1645722266419084.8,98.14453125,754.39453125,240.72265625,297.8515625
312,1645722266422991.0,-1000.0,-865.72265625,-879.39453125,-1000.0
313,1645722266426897.2,-566.40625,-973.6328125,-789.0625,-711.9140625
314,1645722266430803.5,974.609375,705.078125,440.91796875,915.0390625
315,1645722266434709.8,799.8046875,974.12109375,537.59765625,889.16015625
316,1645722266438616.0,-865.234375,-637.6953125,-726.07421875,-800.29296875
317,1645722266442522.2,-990.234375,-1000.0,-1000.0,-1000.0
318,1645722266446428.5,709.47265625,63.4765625,11.71875,681.640625
319,1645722266450334.8,-990.234375,988.76953125,645.01953125,-987.79296875
320,1645722266454241.0,-700.1953125,-189.453125,-450.68359375,-693.84765625
321,1645722266458147.2,-1000.0,-1000.0,-1000.0,-1000.0
322,1645722266462053.5,582.03125,-466.796875,-259.27734375,524.4140625
323,1645722266465959.8,-890.625,962.890625,711.9140625,-854.98046875
324,1645722266469866.0,-425.78125,368.65234375,-51.7578125,-332.51953125
325,1645722266473772.2,-1000.0,-1000.0,-1000.0,-1000.0
326,1645722266477678.5,129.8828125,-544.921875,-396.484375,22.94921875
327,1645722266481584.8,-810.546875,905.2734375,644.04296875,-814.453125
328,1645722266485491.0,312.98828125,835.44921875,362.3046875,497.55859375
329,1645722266489397.2,-1000.0,-799.8046875,-862.3046875,-1000.0
330,1645722266493303.5,-721.6796875,-1000.0,-863.28125,-835.9375
331,1645722266497209.8,898.4375,668.45703125,463.8671875,835.9375
332,1645722266501116.0,896.484375,-989.74609375,616.2109375,966.796875
333,1645722266505022.2,-791.015625,-639.16015625,-728.02734375,-733.88671875
334,1645722266508928.5,-1000.0,-1000.0,-1000.0,-1000.0
335,1645722266512834.8,686.03515625,361.81640625,148.4375,677.24609375
336,1645722266516741.0,-980.95703125,-925.29296875,706.54296875,-973.14453125
337,1645722266520647.2,-677.24609375,-347.16796875,-563.96484375,-647.94921875
338,1645722266524553.5,-1000.0,-1000.0,-1000.0,-1000.0
339,1645722266528459.8,494.62890625,-272.4609375,-163.0859375,409.66796875
340,1645722266532366.0,-937.5,928.22265625,599.12109375,-884.765625
341,1645722266536272.2,-330.56640625,29.78515625,-226.5625,-217.7734375
342,1645722266540178.5,-1000.0,-1000.0,-1000.0,-1000.0
343,1645722266544084.8,-165.52734375,-731.4453125,-578.61328125,-350.5859375
344,1645722266547991.0,-887.20703125,787.109375,518.5546875,-938.4765625
345,1645722266551897.2,515.13671875,583.49609375,211.9140625,683.10546875
346,1645722266555803.5,-1000.0,-940.91796875,-918.9453125,-947.265625
347,1645722266559709.8,-847.16796875,-1000.0,-888.671875,-926.7578125
348,1645722266563616.0,815.4296875,573.73046875,381.34765625,758.7890625
349,1645722266567522.2,959.9609375,-964.84375,651.3671875,-996.09375
350,1645722266571428.5,-747.0703125,-537.109375,-667.48046875,-710.9375
351,1645722266575334.8,-1000.0,-1000.0,-1000.0,-1000.0
352,1645722266579241.0,672.36328125,-32.2265625,-74.70703125,666.50390625
353,1645722266583147.2,-962.40234375,-981.93359375,571.77734375,-939.94140625
354,1645722266587053.5,-618.1640625,-89.35546875,-389.6484375,-556.640625
355,1645722266590959.8,-1000.0,-1000.0,-1000.0,-1000.0
356,1645722266594866.0,379.39453125,-620.1171875,-397.4609375,278.80859375
357,1645722266598772.2,-831.54296875,830.56640625,638.671875,-811.03515625
358,1645722266602678.5,-94.7265625,645.01953125,213.37890625,67.3828125
359,1645722266606584.8,-1000.0,-915.52734375,-930.17578125,-1000.0
360,1645722266610491.0,-395.01953125,-1000.0,-831.0546875,-560.05859375
361,1645722266614397.2,-957.51953125,592.7734375,455.56640625,986.81640625
362,1645722266618303.5,679.19921875,971.19140625,506.34765625,799.8046875
363,1645722266622209.8,-940.4296875,-714.35546875,-822.265625,-876.46484375
364,1645722266626116.0,-931.640625,-1000.0,-1000.0,-988.28125
365,1645722266630022.2,750.9765625,421.38671875,208.984375,702.63671875
366,1645722266633928.5,996.09375,-965.8203125,647.4609375,913.57421875
367,1645722266637834.8,-717.28515625,-535.64453125,-627.44140625,-740.234375
368,1645722266641741.0,-1000.0,-1000.0,-1000.0,-1000.0
369,1645722266645647.2,643.5546875,69.82421875,-59.08203125,608.88671875
370,1645722266649553.5,-933.10546875,-906.73828125,718.26171875,-895.01953125
371,1645722266653459.8,-528.80859375,94.23828125,-244.62890625,-440.91796875
372,1645722266657366.0,-1000.0,-1000.0,-1000.0,-1000.0
373,1645722266661272.2,216.30859375,-567.87109375,-400.87890625,88.37890625
374,1645722266665178.5,-827.63671875,913.57421875,646.484375,-824.70703125
375,1645722266669084.8,97.65625,608.3984375,200.1953125,301.7578125
376,1645722266672991.0,-1000.0,-933.59375,-918.45703125,-1000.0
377,1645722266676897.2,-573.73046875,-1000.0,-833.0078125,-713.8671875
378,1645722266680803.5,969.23828125,653.3203125,442.87109375,909.66796875
379,1645722266684709.8,806.640625,919.921875,495.60546875,902.83203125
380,1645722266688616.0,-860.3515625,-752.9296875,-813.96484375,-785.64453125
381,1645722266692522.2,-991.69921875,-1000.0,-1000.0,-1000.0
382,1645722266696428.5,708.984375,349.12109375,158.203125,682.6171875
383,1645722266700334.8,-990.234375,982.421875,634.765625,-987.3046875
384,1645722266704241.0,-699.70703125,-520.01953125,-574.21875,-693.84765625
385,1645722266708147.2,-1000.0,-1000.0,-1000.0,-1000.0
386,1645722266712053.5,579.1015625,-192.3828125,-157.2265625,524.4140625
387,1645722266715959.8,-894.04296875,-966.30859375,666.9921875,-861.328125
388,1645722266719866.0,-418.9453125,329.58984375,-88.37890625,-321.2890625
389,1645722266723772.2,-1000.0,-1000.0,-1000.0,-1000.0
390,1645722266727678.5,40.52734375,-786.1328125,-606.4453125,-127.9296875
391,1645722266731584.8,-843.26171875,807.12890625,460.44921875,-869.62890625
392,1645722266735491.0,332.03125,878.90625,353.02734375,518.5546875
393,1645722266739397.2,-1000.0,-789.55078125,-864.74609375,-1000.0
394,1645722266743303.5,-714.35546875,-1000.0,-894.04296875,-826.66015625
395,1645722266747209.8,896.97265625,549.8046875,416.50390625,832.51953125
396,1645722266751116.0,699.21875,765.625,392.578125,768.06640625
397,1645722266755022.2,-868.65234375,-682.6171875,-794.921875,-814.453125
398,1645722266758928.5,-991.69921875,-1000.0,-1000.0,-1000.0
399,1645722266762834.8,669.43359375,-243.65234375,-98.6328125,661.62109375
400,1645722266766741.0,-976.07421875,944.82421875,676.7578125,-968.75
401,1645722266770647.2,-672.36328125,-257.32421875,-467.28515625,-645.01953125
402,1645722266774553.5,-1000.0,-1000.0,-1000.0,-1000.0
403,1645722266778459.8,484.86328125,-375.0,-238.76953125,402.34375
404,1645722266782366.0,-858.3984375,978.02734375,710.44921875,-829.1015625
405,1645722266786272.2,-272.94921875,506.8359375,46.875,-145.99609375
406,1645722266790178.5,-1000.0,-996.09375,-983.88671875,-1000.0
407,1645722266794084.8,-170.41015625,-802.734375,-624.51171875,-344.7265625
408,1645722266797991.0,-883.30078125,822.265625,585.44921875,-926.7578125
409,1645722266801897.2,511.71875,901.85546875,454.1015625,675.29296875
410,1645722266805803.5,-1000.0,-750.9765625,-855.46875,-943.359375
411,1645722266809709.8,-749.0234375,-1000.0,-862.3046875,-828.61328125
412,1645722266813616.0,849.12109375,566.40625,408.203125,791.015625
413,1645722266817522.2,943.359375,989.2578125,617.67578125,989.74609375
414,1645722266821428.5,-739.74609375,-605.95703125,-696.77734375,-700.68359375
415,1645722266825334.8,-1000.0,-1000.0,-1000.0,-1000.0
416,1645722266829241.0,671.875,189.94140625,28.3203125,666.50390625
417,1645722266833147.2,-961.9140625,-978.515625,678.22265625,-939.94140625
418,1645722266837053.5,-615.234375,-391.11328125,-522.94921875,-553.22265625
419,1645722266840959.8,-1000.0,-1000.0,-1000.0,-1000.0
420,1645722266844866.0,374.0234375,-419.43359375,-270.99609375,263.671875
421,1645722266848772.2,-832.51953125,941.40625,674.31640625,-814.94140625
422,1645722266852678.5,-98.14453125,529.296875,119.62890625,53.22265625
423,1645722266856584.8,-1000.0,-998.53515625,-966.30859375,-1000.0
424,1645722266860491.0,-386.71875,-892.08984375,-708.0078125,-565.91796875
425,1645722266864397.2,-958.984375,740.72265625,469.23828125,976.5625
426,1645722266868303.5,583.0078125,830.078125,362.3046875,703.125
427,1645722266872209.8,-971.19140625,-784.1796875,-850.09765625,-904.78515625
428,1645722266876116.0,-918.45703125,-1000.0,-944.3359375,-981.93359375
429,1645722266880022.2,740.72265625,473.6328125,279.296875,692.3828125
430,1645722266883928.5,999.51171875,-943.359375,642.08984375,-983.3984375
431,1645722266887834.8,-717.28515625,-448.2421875,-568.84765625,-705.56640625
432,1645722266891741.0,-1000.0,-1000.0,-1000.0,-1000.0
433,1645722266895647.2,645.01953125,-313.96484375,-154.78515625,615.234375
434,1645722266899553.5,-934.5703125,915.0390625,650.390625,-900.390625
435,1645722266903459.8,-523.4375,239.74609375,-159.66796875,-441.40625
436,1645722266907366.0,-1000.0,-1000.0,-1000.0,-1000.0
437,1645722266911272.2,242.1875,-910.15625,-649.4140625,109.375
438,1645722266915178.5,-837.890625,697.265625,521.484375,-832.51953125
439,1645722266919084.8,109.375,818.359375,365.72265625,288.57421875
440,1645722266922991.0,-1000.0,-868.65234375,-896.97265625,-1000.0
441,1645722266926897.2,-577.63671875,-1000.0,-929.19921875,-720.21484375
442,1645722266930803.5,968.26171875,623.046875,421.875,904.296875
443,1645722266934709.8,806.640625,997.55859375,612.3046875,896.97265625
444,1645722266938616.0,-860.83984375,-671.38671875,-773.4375,-794.43359375
445,1645722266942522.2,-992.67578125,-1000.0,-1000.0,-1000.0
446,1645722266946428.5,708.0078125,408.203125,239.2578125,679.6875
447,1645722266950334.8,-990.234375,-958.0078125,665.52734375,-987.3046875
448,1645722266954241.0,-699.70703125,-436.03515625,-549.31640625,-693.84765625
449,1645722266958147.2,-1000.0,-1000.0,-1000.0,-1000.0
450,1645722266962053.5,579.1015625,-258.7890625,-149.90234375,521.484375
451,1645722266965959.8,-894.53125,-992.67578125,708.49609375,-861.328125
452,1645722266969866.0,-417.48046875,183.10546875,-151.85546875,-319.82421875
453,1645722266973772.2,-1000.0,-1000.0,-1000.0,-1000.0
454,1645722266977678.5,30.76171875,-680.17578125,-500.9765625,-140.13671875
455,1645722266981584.8,-846.19140625,871.09375,609.86328125,-873.046875
456,1645722266985491.0,329.58984375,637.6953125,327.63671875,512.20703125
457,1645722266989397.2,-1000.0,-969.7265625,-896.484375,-1000.0
458,1645722266993303.5,-732.91015625,-990.234375,-836.9140625,-841.796875
459,1645722266997209.8,888.671875,661.1328125,440.91796875,823.2421875
460,1645722267001116.0,903.3203125,944.82421875,535.64453125,968.26171875
461,1645722267005022.2,-788.0859375,-718.75,-760.25390625,-736.81640625
462,1645722267008928.5,-1000.0,-1000.0,-1000.0,-1000.0
463,1645722267012834.8,685.546875,343.26171875,115.234375,677.24609375
464,1645722267016741.0,-981.4453125,-898.92578125,604.4921875,-973.6328125
465,1645722267020647.2,-671.38671875,-127.44140625,-450.1953125,-643.06640625
466,1645722267024553.5,-1000.0,-1000.0,-1000.0,-1000.0
467,1645722267028459.8,484.86328125,-457.03125,-265.13671875,398.92578125
468,1645722267032366.0,-859.86328125,950.1953125,687.5,-829.58984375
469,1645722267036272.2,-275.87890625,484.86328125,62.5,-143.06640625
470,1645722267040178.5,-1000.0,-976.5625,-968.75,-1000.0
471,1645722267044084.8,-181.15234375,-965.33203125,-723.14453125,-358.88671875
472,1645722267047991.0,-892.578125,618.1640625,435.546875,-937.5
473,1645722267051897.2,523.92578125,868.1640625,400.87890625,686.03515625
474,1645722267055803.5,-1000.0,-758.7890625,-828.61328125,-943.84765625
475,1645722267059709.8,-852.05078125,-1000.0,-1000.0,-931.640625
476,1645722267063616.0,811.5234375,279.296875,188.4765625,753.90625
477,1645722267067522.2,962.40234375,-965.33203125,672.8515625,-993.65234375
478,1645722267071428.5,-745.1171875,-515.625,-617.67578125,-708.984375
479,1645722267075334.8,-1000.0,-1000.0,-1000.0,-1000.0
480,1645722267079241.0,671.875,110.83984375,-24.90234375,666.015625
481,1645722267083147.2,-960.9375,-902.83203125,708.49609375,-938.4765625
482,1645722267087053.5,-614.74609375,18.5546875,-312.98828125,-553.7109375
483,1645722267090959.8,-1000.0,-1000.0,-1000.0,-1000.0
484,1645722267094866.0,375.9765625,-450.1953125,-287.109375,272.94921875
485,1645722267098772.2,-831.0546875,958.984375,668.45703125,-811.5234375
486,1645722267102678.5,-90.33203125,454.58984375,65.4296875,77.1484375
487,1645722267106584.8,-1000.0,-1000.0,-969.7265625,-1000.0
488,1645722267110491.0,-392.578125,-872.55859375,-711.9140625,-574.70703125
489,1645722267114397.2,-956.0546875,759.765625,542.96875,981.4453125
490,1645722267118303.5,681.15234375,922.8515625,518.5546875,800.29296875
491,1645722267122209.8,-937.5,-763.18359375,-849.609375,-871.58203125
492,1645722267126116.0,-935.05859375,-1000.0,-979.00390625,-1000.0
493,1645722267130022.2,748.046875,558.59375,359.86328125,695.80078125
494,1645722267133928.5,996.58203125,997.55859375,660.64453125,-984.86328125
495,1645722267137834.8,-716.30859375,-573.73046875,-649.90234375,-706.0546875
496,1645722267141741.0,-1000.0,-1000.0,-1000.0,-1000.0
497,1645722267145647.2,639.6484375,-139.6484375,-93.75,611.328125
498,1645722267149553.5,-930.17578125,918.9453125,627.9296875,-892.578125
499,1645722267153459.8,-525.390625,-253.41796875,-343.26171875,-433.10546875
500,1645722267157366.0,-1000.0,-1000.0,-1000.0,-1000.0
501,1645722267161272.2,216.30859375,-607.421875,-435.546875,98.14453125
502,1645722267165178.5,-825.1953125,832.03125,556.640625,-822.265625
503,1645722267169084.8,124.0234375,792.48046875,269.04296875,320.3125
504,1645722267172991.0,-1000.0,-856.93359375,-878.41796875,-1000.0
505,1645722267176897.2,-583.984375,-996.58203125,-797.8515625,-729.00390625
506,1645722267180803.5,967.7734375,682.6171875,459.9609375,905.2734375
507,1645722267184709.8,806.640625,972.65625,547.36328125,897.4609375
508,1645722267188616.0,-861.328125,-644.53125,-728.02734375,-793.9453125
509,1645722267192522.2,-992.67578125,-1000.0,-1000.0,-1000.0
510,1645722267196428.5,707.51953125,141.11328125,65.91796875,679.19921875
511,1645722267200334.8,-990.234375,-969.23828125,685.546875,-987.3046875
512,1645722267204241.0,-699.21875,-233.88671875,-466.30859375,-693.84765625
513,1645722267208147.2,-1000.0,-1000.0,-1000.0,-1000.0
514,1645722267212053.5,575.68359375,-549.31640625,-296.38671875,521.97265625
515,1645722267215959.8,-892.578125,897.94921875,687.01171875,-858.88671875
516,1645722267219866.0,-413.0859375,359.375,-47.36328125,-313.4765625
517,1645722267223772.2,-1000.0,-1000.0,-1000.0,-1000.0
518,1645722267227678.5,29.296875,-867.67578125,-694.3359375,-128.90625
519,1645722267231584.8,-846.19140625,749.51171875,533.69140625,-869.62890625
520,1645722267235491.0,337.890625,898.92578125,445.3125,526.85546875
521,1645722267239397.2,-1000.0,-811.03515625,-881.8359375,-1000.0
522,1645722267243303.5,-737.79296875,-1000.0,-885.25390625,-841.796875
523,1645722267247209.8,886.71875,634.27734375,460.44921875,827.1484375
524,1645722267251116.0,904.296875,-981.93359375,639.6484375,969.23828125
525,1645722267255022.2,-787.59765625,-634.27734375,-721.19140625,-733.88671875
526,1645722267258928.5,-1000.0,-1000.0,-1000.0,-1000.0
527,1645722267262834.8,684.5703125,346.6796875,153.3203125,677.24609375
528,1645722267266741.0,-980.46875,-920.8984375,719.23828125,-973.6328125
529,1645722267270647.2,-671.38671875,-308.59375,-521.97265625,-642.578125
530,1645722267274553.5,-1000.0,-1000.0,-1000.0,-1000.0
531,1645722267278459.8,486.328125,-368.65234375,-195.80078125,395.01953125
532,1645722267282366.0,-857.421875,937.01171875,655.2734375,-827.1484375
533,1645722267286272.2,-267.08984375,104.98046875,-190.4296875,-126.46484375
534,1645722267290178.5,-1000.0,-1000.0,-1000.0,-1000.0
535,1645722267294084.8,-178.7109375,-731.93359375,-559.5703125,-361.328125
536,1645722267297991.0,-891.11328125,795.41015625,534.66796875,-937.5
537,1645722267301897.2,524.90234375,562.98828125,226.5625,693.84765625
538,1645722267305803.5,-1000.0,-967.7734375,-914.0625,-937.98828125
539,1645722267309709.8,-854.4921875,-1000.0,-880.37109375,-934.5703125
540,1645722267313616.0,808.59375,571.2890625,385.7421875,752.9296875
541,1645722267317522.2,963.37890625,-949.21875,668.45703125,-993.1640625
542,1645722267321428.5,-744.62890625,-519.53125,-626.953125,-708.984375
543,1645722267325334.8,-1000.0,-1000.0,-1000.0,-1000.0
544,1645722267329241.0,671.875,39.0625,-37.59765625,666.015625
545,1645722267333147.2,-960.9375,-956.54296875,584.9609375,-938.96484375
546,1645722267337053.5,-612.3046875,-97.16796875,-377.44140625,-551.7578125
547,1645722267340959.8,-1000.0,-1000.0,-1000.0,-1000.0
548,1645722267344866.0,368.65234375,-593.26171875,-429.6875,261.23046875
549,1645722267348772.2,-831.54296875,846.19140625,581.54296875,-812.5
550,1645722267352678.5,-84.9609375,684.5703125,246.58203125,88.37890625
551,1645722267356584.8,-1000.0,-897.94921875,-913.0859375,-1000.0
552,1645722267360491.0,-409.66796875,-1000.0,-834.9609375,-577.1484375
553,1645722267364397.2,-962.890625,626.953125,487.3046875,980.46875
554,1645722267368303.5,686.5234375,973.6328125,550.78125,805.6640625
555,1645722267372209.8,-936.5234375,-717.28515625,-807.12890625,-867.1875
556,1645722267376116.0,-937.5,-1000.0,-1000.0,-1000.0
557,1645722267380022.2,745.60546875,432.12890625,244.140625,696.2890625
558,1645722267383928.5,997.55859375,-934.08203125,673.33984375,-985.3515625
559,1645722267387834.8,-716.30859375,-435.05859375,-568.84765625,-705.56640625
560,1645722267391741.0,-1000.0,-1000.0,-1000.0,-1000.0
561,1645722267395647.2,638.671875,-46.38671875,-98.14453125,611.328125
562,1645722267399553.5,-928.7109375,-933.10546875,693.359375,-896.484375
563,1645722267403459.8,-522.4609375,149.4140625,-195.3125,-435.546875
564,1645722267407366.0,-1000.0,-1000.0,-1000.0,-1000.0
565,1645722267411272.2,212.890625,-576.171875,-385.7421875,74.21875
566,1645722267415178.5,-826.171875,915.0390625,660.64453125,-828.125
567,1645722267419084.8,126.953125,643.06640625,228.515625,314.94140625
568,1645722267422991.0,-1000.0,-917.96875,-899.90234375,-1000.0
569,1645722267426897.2,-590.33203125,-1000.0,-843.75,-734.86328125
570,1645722267430803.5,964.35546875,648.92578125,448.73046875,897.94921875
571,1645722267434709.8,810.05859375,937.98828125,505.37109375,901.85546875
572,1645722267438616.0,-858.3984375,-758.7890625,-828.61328125,-791.015625
573,1645722267442522.2,-994.62890625,-1000.0,-996.58203125,-1000.0
574,1645722267446428.5,705.56640625,487.79296875,274.90234375,679.19921875
575,1645722267450334.8,-990.234375,969.7265625,638.18359375,-987.79296875
576,1645722267454241.0,-698.73046875,-610.83984375,-624.51171875,-693.359375
577,1645722267458147.2,-1000.0,-1000.0,-1000.0,-1000.0
578,1645722267462053.5,572.75390625,-125.0,-125.48828125,514.16015625
579,1645722267465959.8,-893.5546875,-950.68359375,697.265625,-854.4921875
580,1645722267469866.0,-414.55078125,334.47265625,-68.84765625,-297.8515625
581,1645722267473772.2,-1000.0,-1000.0,-1000.0,-1000.0
582,1645722267477678.5,19.53125,-808.10546875,-615.234375,-130.859375
583,1645722267481584.8,-849.12109375,798.33984375,468.75,-869.140625
584,1645722267485491.0,347.16796875,881.34765625,376.46484375,538.0859375
585,1645722267489397.2,-1000.0,-768.06640625,-840.8203125,-1000.0
586,1645722267493303.5,-743.65234375,-1000.0,-913.0859375,-843.26171875
587,1645722267497209.8,883.7890625,466.30859375,375.0,828.125
588,1645722267501116.0,904.296875,992.1875,621.58203125,970.21484375
589,1645722267505022.2,-788.57421875,-548.33984375,-670.41015625,-732.91015625
590,1645722267508928.5,-1000.0,-1000.0,-1000.0,-1000.0
591,1645722267512834.8,684.08203125,-254.8828125,-95.21484375,677.24609375
592,1645722267516741.0,-980.95703125,930.6640625,645.5078125,-973.6328125
593,1645722267520647.2,-670.41015625,-216.30859375,-465.33203125,-641.11328125
594,1645722267524553.5,-1000.0,-1000.0,-1000.0,-1000.0
595,1645722267528459.8,479.00390625,-420.41015625,-268.06640625,392.08984375
596,1645722267532366.0,-856.93359375,956.0546875,700.68359375,-829.58984375
597,1645722267536272.2,-262.20703125,526.85546875,78.61328125,-132.32421875
598,1645722267540178.5,-1000.0,-991.69921875,-978.02734375,-1000.0
599,1645722267544084.8,-190.91796875,-808.10546875,-634.27734375,-386.23046875
600,1645722267547991.0,-895.5078125,813.4765625,574.21875,-946.77734375
601,1645722267551897.2,534.1796875,915.52734375,446.77734375,688.4765625
602,1645722267555803.5,-1000.0,-761.71875,-861.328125,-943.359375
603,1645722267559709.8,-856.93359375,-1000.0,-923.33984375,-942.87109375
604,1645722267563616.0,808.10546875,604.98046875,406.25,740.234375
605,1645722267567522.2,964.35546875,-998.046875,617.67578125,-990.72265625
606,1645722267571428.5,-743.65234375,-632.32421875,-720.21484375,-709.47265625
607,1645722267575334.8,-1000.0,-1000.0,-1000.0,-1000.0
608,1645722267579241.0,671.38671875,241.69921875,55.17578125,665.0390625
609,1645722267583147.2,-959.47265625,-962.40234375,684.08203125,-935.546875
610,1645722267587053.5,-608.88671875,-380.37109375,-511.23046875,-546.38671875
611,1645722267590959.8,-1000.0,-1000.0,-1000.0,-1000.0
612,1645722267594866.0,362.79296875,-383.7890625,-239.74609375,260.7421875
613,1645722267598772.2,-832.03125,908.203125,660.15625,-811.03515625
614,1645722267602678.5,-85.44921875,127.44140625,-121.58203125,104.98046875
615,1645722267606584.8,-1000.0,-1000.0,-1000.0,-1000.0
616,1645722267610491.0,-403.80859375,-823.73046875,-662.59765625,-581.54296875
617,1645722267614397.2,-961.42578125,713.8671875,445.80078125,980.46875
618,1645722267618303.5,691.89453125,938.96484375,380.859375,805.6640625
619,1645722267622209.8,-931.15234375,-710.44921875,-814.453125,-866.2109375
620,1645722267626116.0,-939.453125,-1000.0,-938.96484375,-1000.0
621,1645722267630022.2,745.1171875,455.078125,275.87890625,694.3359375
622,1645722267633928.5,998.046875,-929.19921875,645.5078125,-985.83984375
623,1645722267637834.8,-715.33203125,-388.18359375,-542.48046875,-703.125
624,1645722267641741.0,-1000.0,-1000.0,-1000.0,-1000.0
625,1645722267645647.2,637.20703125,-337.40234375,-155.76171875,598.6328125
626,1645722267649553.5,-927.734375,912.109375,667.96875,-893.5546875
627,1645722267653459.8,-515.625,274.4140625,-125.48828125,-434.08203125
628,1645722267657366.0,-1000.0,-1000.0,-1000.0,-1000.0
629,1645722267661272.2,194.82421875,-919.43359375,-653.3203125,81.0546875
630,1645722267665178.5,-827.63671875,694.3359375,501.46484375,-825.1953125
631,1645722267669084.8,142.578125,858.3984375,355.95703125,339.35546875
632,1645722267672991.0,-1000.0,-860.83984375,-894.53125,-1000.0
633,1645722267676897.2,-596.6796875,-1000.0,-931.15234375,-737.3046875
634,1645722267680803.5,961.9140625,679.19921875,437.01171875,900.87890625
635,1645722267684709.8,822.75390625,994.140625,600.09765625,902.83203125
636,1645722267688616.0,-850.09765625,-678.22265625,-779.78515625,-789.0625
637,1645722267692522.2,-997.0703125,-1000.0,-1000.0,-1000.0
638,1645722267696428.5,706.54296875,436.5234375,205.56640625,680.17578125
639,1645722267700334.8,-990.72265625,-947.265625,660.15625,-988.76953125
640,1645722267704241.0,-698.2421875,-413.57421875,-532.2265625,-690.91796875
641,1645722267708147.2,-1000.0,-1000.0,-1000.0,-1000.0
642,1645722267712053.5,568.84765625,-271.484375,-147.94921875,500.0
643,1645722267715959.8,-891.11328125,-992.67578125,713.8671875,-853.02734375
644,1645722267719866.0,-407.2265625,209.9609375,-141.6015625,-291.015625
645,1645722267723772.2,-1000.0,-1000.0,-1000.0,-1000.0
646,1645722267727678.5,10.25390625,-685.546875,-516.11328125,-143.06640625
647,1645722267731584.8,-851.5625,872.0703125,616.69921875,-872.55859375
648,1645722267735491.0,329.58984375,679.6875,361.328125,555.6640625
649,1645722267739397.2,-1000.0,-949.21875,-894.04296875,-1000.0
650,1645722267743303.5,-739.74609375,-1000.0,-837.40234375,-840.8203125
651,1645722267747209.8,875.0,648.92578125,446.77734375,824.70703125
652,1645722267751116.0,809.5703125,850.09765625,465.8203125,874.51171875
653,1645722267755022.2,-818.84765625,-748.046875,-781.73828125,-762.20703125
654,1645722267758928.5,-1000.0,-1000.0,-1000.0,-1000.0
655,1645722267762834.8,674.31640625,301.26953125,85.9375,669.921875
656,1645722267766741.0,-976.07421875,-889.6484375,617.1875,-970.21484375
657,1645722267770647.2,-668.45703125,-109.375,-426.7578125,-639.16015625
658,1645722267774553.5,-1000.0,-1000.0,-1000.0,-1000.0
659,1645722267778459.8,479.98046875,-423.33984375,-266.6015625,384.765625
660,1645722267782366.0,-854.98046875,960.44921875,612.3046875,-827.1484375
661,1645722267786272.2,-252.44140625,509.27734375,75.1953125,-119.140625
662,1645722267790178.5,-1000.0,-979.98046875,-964.84375,-1000.0
663,1645722267794084.8,-185.05859375,-931.15234375,-702.1484375,-368.65234375
664,1645722267797991.0,-889.6484375,681.640625,485.3515625,-926.26953125
665,1645722267801897.2,276.3671875,583.49609375,84.9609375,332.03125
666,1645722267805803.5,-1000.0,-883.7890625,-994.62890625,-1000.0
667,1645722267809709.8,-815.4296875,-1000.0,-953.61328125,-871.58203125
668,1645722267813616.0,781.73828125,263.671875,182.6171875,718.26171875
669,1645722267817522.2,974.12109375,-951.66015625,680.17578125,-982.421875
670,1645722267821428.5,-742.1875,-512.6953125,-619.62890625,-709.47265625
671,1645722267825334.8,-1000.0,-1000.0,-1000.0,-1000.0
672,1645722267829241.0,670.8984375,148.92578125,-0.48828125,663.0859375
673,1645722267833147.2,-958.49609375,-894.53125,723.6328125,-931.15234375
674,1645722267837053.5,-604.98046875,37.109375,-293.45703125,-535.64453125
675,1645722267840959.8,-1000.0,-1000.0,-1000.0,-1000.0
676,1645722267844866.0,354.00390625,-467.7734375,-308.59375,252.9296875
677,1645722267848772.2,-820.3125,970.21484375,683.59375,-798.33984375
678,1645722267852678.5,-82.03125,479.98046875,81.54296875,100.5859375
679,1645722267856584.8,-1000.0,-1000.0,-959.47265625,-1000.0
680,1645722267860491.0,-175.29296875,-612.3046875,-502.9296875,-298.33984375
681,1645722267864397.2,-865.72265625,867.1875,587.40234375,-899.90234375
682,1645722267868303.5,659.66796875,883.30078125,445.3125,764.6484375
683,1645722267872209.8,-911.1328125,-737.3046875,-832.51953125,-839.35546875
684,1645722267876116.0,-942.87109375,-1000.0,-972.65625,-1000.0
685,1645722267880022.2,741.69921875,557.12890625,358.88671875,693.359375
686,1645722267883928.5,898.92578125,885.7421875,559.08203125,914.55078125
687,1645722267887834.8,-748.53515625,-629.8828125,-673.828125,-738.28125
688,1645722267891741.0,-1000.0,-1000.0,-1000.0,-1000.0
689,1645722267895647.2,627.9296875,-157.71484375,-107.421875,595.703125
690,1645722267899553.5,-924.31640625,921.38671875,641.6015625,-890.13671875
691,1645722267903459.8,-515.13671875,-238.76953125,-333.49609375,-425.78125
692,1645722267907366.0,-1000.0,-1000.0,-1000.0,-1000.0
693,1645722267911272.2,196.77734375,-525.87890625,-377.9296875,59.08203125
694,1645722267915178.5,-827.1484375,892.08984375,609.86328125,-830.078125
695,1645722267919084.8,149.90234375,773.92578125,275.390625,335.9375
696,1645722267922991.0,-1000.0,-857.421875,-879.8828125,-1000.0
697,1645722267926897.2,-604.4921875,-994.140625,-803.22265625,-747.0703125
698,1645722267930803.5,956.54296875,686.5234375,452.1484375,891.11328125
699,1645722267934709.8,832.03125,975.09765625,543.45703125,909.1796875
700,1645722267938616.0,-841.796875,-636.23046875,-723.14453125,-785.15625
701,1645722267942522.2,-999.51171875,-1000.0,-1000.0,-1000.0
702,1645722267946428.5,706.0546875,37.59765625,28.80859375,680.17578125
703,1645722267950334.8,-990.234375,974.12109375,654.78515625,-987.79296875
704,1645722267954241.0,-698.2421875,-188.4765625,-450.68359375,-692.87109375
705,1645722267958147.2,-1000.0,-1000.0,-1000.0,-1000.0
706,1645722267962053.5,569.82421875,-629.39453125,-326.171875,509.765625
707,1645722267965959.8,-892.08984375,832.51953125,642.578125,-852.05078125
708,1645722267969866.0,-406.73828125,421.875,-7.32421875,-280.76171875
709,1645722267973772.2,-1000.0,-1000.0,-1000.0,-1000.0
710,1645722267977678.5,0.0,-856.93359375,-672.36328125,-154.296875
711,1645722267981584.8,-853.02734375,767.08984375,509.765625,-875.0
712,1645722267985491.0,361.81640625,816.89453125,359.375,548.33984375
713,1645722267989397.2,-1000.0,-866.69921875,-894.04296875,-1000.0
714,1645722267993303.5,-747.0703125,-1000.0,-872.0703125,-854.4921875
715,1645722267997209.8,881.8359375,646.97265625,459.9609375,817.3828125
716,1645722268001116.0,909.66796875,-981.93359375,637.6953125,976.5625
717,1645722268005022.2,-782.71484375,-629.8828125,-714.84375,-728.515625
718,1645722268008928.5,-1000.0,-1000.0,-1000.0,-1000.0
719,1645722268012834.8,683.59375,338.8671875,137.20703125,676.7578125
720,1645722268016741.0,-979.00390625,-913.0859375,709.47265625,-971.19140625
721,1645722268020647.2,-666.015625,-275.87890625,-500.48828125,-635.25390625
722,1645722268024553.5,-1000.0,-1000.0,-1000.0,-1000.0
723,1645722268028459.8,473.14453125,-307.12890625,-180.17578125,378.41796875
724,1645722268032366.0,-856.4453125,988.76953125,693.359375,-826.171875
725,1645722268036272.2,-256.34765625,158.203125,-150.390625,-104.00390625
726,1645722268040178.5,-1000.0,-1000.0,-1000.0,-1000.0
727,1645722268044084.8,-214.84375,-766.11328125,-595.21484375,-402.34375
728,1645722268047991.0,-903.3203125,784.66796875,519.53125,-952.1484375
729,1645722268051897.2,542.96875,567.87109375,238.76953125,709.47265625
730,1645722268055803.5,-1000.0,-966.30859375,-912.59765625,-931.640625
731,1645722268059709.8,-862.3046875,-1000.0,-872.55859375,-943.84765625
732,1645722268063616.0,803.7109375,565.91796875,382.32421875,744.62890625
733,1645722268067522.2,965.33203125,-952.1484375,625.48828125,-991.69921875
734,1645722268071428.5,-743.65234375,-522.94921875,-655.2734375,-709.47265625
735,1645722268075334.8,-1000.0,-1000.0,-1000.0,-1000.0
736,1645722268079241.0,670.41015625,21.97265625,-61.5234375,661.62109375
737,1645722268083147.2,-957.51953125,-952.63671875,601.5625,-930.6640625
738,1645722268087053.5,-603.02734375,-96.19140625,-370.60546875,-537.109375
739,1645722268090959.8,-1000.0,-1000.0,-1000.0,-1000.0
740,1645722268094866.0,355.46875,-537.109375,-301.7578125,262.6953125
741,1645722268098772.2,-828.125,857.91015625,643.06640625,-806.15234375
742,1645722268102678.5,-60.546875,677.734375,220.703125,127.44140625
743,1645722268106584.8,-1000.0,-880.37109375,-897.4609375,-1000.0
744,1645722268110491.0,-419.921875,-1000.0,-842.7734375,-583.984375
745,1645722268114397.2,-961.9140625,584.47265625,480.95703125,984.375
746,1645722268118303.5,704.1015625,978.515625,561.03515625,816.89453125
747,1645722268122209.8,-919.43359375,-697.75390625,-788.57421875,-847.65625
748,1645722268126116.0,-844.23828125,-1000.0,-1000.0,-907.71484375
749,1645722268130022.2,778.3203125,420.41015625,216.796875,730.46875
750,1645722268133928.5,982.421875,-944.3359375,663.0859375,998.046875
751,1645722268137834.8,-707.03125,-415.52734375,-557.12890625,-696.77734375
752,1645722268141741.0,-1000.0,-1000.0,-1000.0,-1000.0
753,1645722268145647.2,635.7421875,29.296875,-56.640625,602.05078125
754,1645722268149553.5,-926.26953125,-901.3671875,734.86328125,-890.13671875
755,1645722268153459.8,-512.20703125,155.2734375,-189.453125,-416.9921875
756,1645722268157366.0,-1000.0,-1000.0,-1000.0,-1000.0
757,1645722268161272.2,187.01171875,-582.03125,-395.01953125,50.78125
758,1645722268165178.5,-820.3125,917.96875,674.8046875,-822.265625
759,1645722268169084.8,129.39453125,650.87890625,242.67578125,330.56640625
760,1645722268172991.0,-1000.0,-906.25,-865.234375,-1000.0
761,1645722268176897.2,-403.3203125,-917.48046875,-656.73828125,-549.8046875
762,1645722268180803.5,-972.16796875,684.5703125,501.46484375,965.33203125
763,1645722268184709.8,796.38671875,927.24609375,501.953125,877.44140625
764,1645722268188616.0,-831.0546875,-744.62890625,-785.15625,-767.578125
765,1645722268192522.2,-1000.0,-1000.0,-1000.0,-1000.0
766,1645722268196428.5,705.56640625,480.95703125,287.59765625,680.17578125
767,1645722268200334.8,-990.72265625,985.3515625,658.69140625,-987.79296875
768,1645722268204241.0,-698.73046875,-580.078125,-564.94140625,-693.359375
769,1645722268208147.2,-1000.0,-1000.0,-1000.0,-1000.0
770,1645722268212053.5,567.3828125,-176.7578125,-141.11328125,508.7890625
771,1645722268215959.8,-888.671875,-972.65625,649.90234375,-850.5859375
772,1645722268219866.0,-395.5078125,389.6484375,-61.5234375,-272.94921875
773,1645722268223772.2,-1000.0,-1000.0,-982.91015625,-1000.0
774,1645722268227678.5,-8.7890625,-813.4765625,-615.72265625,-156.73828125
775,1645722268231584.8,-854.4921875,802.24609375,498.046875,-875.48828125
776,1645722268235491.0,368.65234375,894.04296875,396.97265625,552.24609375
777,1645722268239397.2,-1000.0,-760.25390625,-833.49609375,-1000.0
778,1645722268243303.5,-757.32421875,-1000.0,-896.97265625,-859.375
779,1645722268247209.8,875.0,478.02734375,393.5546875,813.4765625
780,1645722268251116.0,911.62109375,994.140625,630.37109375,978.515625
781,1645722268255022.2,-782.71484375,-540.0390625,-653.3203125,-727.5390625
782,1645722268258928.5,-1000.0,-1000.0,-1000.0,-1000.0
783,1645722268262834.8,683.59375,-258.7890625,-75.1953125,677.24609375
784,1645722268266741.0,-983.3984375,945.80078125,684.5703125,-973.14453125
785,1645722268270647.2,-665.0390625,-210.44921875,-444.3359375,-634.765625
786,1645722268274553.5,-1000.0,-1000.0,-1000.0,-1000.0
787,1645722268278459.8,450.1953125,-411.62109375,-262.6953125,371.09375
788,1645722268282366.0,-862.79296875,969.7265625,710.9375,-830.078125
789,1645722268286272.2,-266.6015625,579.1015625,92.7734375,-122.55859375
790,1645722268290178.5,-1000.0,-966.30859375,-970.21484375,-1000.0
791,1645722268294084.8,-262.20703125,-791.9921875,-644.04296875,-426.26953125
792,1645722268297991.0,-918.9453125,828.61328125,570.3125,-962.40234375
793,1645722268301897.2,531.25,929.19921875,467.28515625,706.0546875
794,1645722268305803.5,-1000.0,-749.0234375,-854.00390625,-935.546875
795,1645722268309709.8,-877.44140625,-1000.0,-931.15234375,-952.1484375
796,1645722268313616.0,782.71484375,623.046875,399.90234375,731.93359375
797,1645722268317522.2,965.8203125,-965.33203125,625.48828125,-989.74609375
798,1645722268321428.5,-748.046875,-591.30859375,-706.0546875,-708.49609375
799,1645722268325334.8,-1000.0,-1000.0,-1000.0,-1000.0
800,1645722268329241.0,666.50390625,289.0625,11.23046875,657.71484375
801,1645722268333147.2,-963.37890625,-930.17578125,646.97265625,-934.5703125
802,1645722268337053.5,-605.46875,-318.359375,-510.7421875,-540.0390625
803,1645722268340959.8,-1000.0,-1000.0,-1000.0,-1000.0
804,1645722268344866.0,326.171875,-359.86328125,-294.921875,239.2578125
805,1645722268348772.2,-839.35546875,949.21875,625.9765625,-812.5
806,1645722268352678.5,-89.35546875,226.5625,-145.5078125,127.9296875
807,1645722268356584.8,-1000.0,-1000.0,-1000.0,-1000.0
808,1645722268360491.0,-458.984375,-828.61328125,-700.1953125,-600.09765625
809,1645722268364397.2,-984.86328125,732.91015625,437.98828125,970.703125
810,1645722268368303.5,696.2890625,969.23828125,458.49609375,821.77734375
811,1645722268372209.8,-934.5703125,-704.58984375,-810.546875,-854.4921875
812,1645722268376116.0,-951.171875,-1000.0,-987.79296875,-1000.0
813,1645722268380022.2,729.98046875,491.2109375,227.5390625,694.82421875
814,1645722268383928.5,998.53515625,-917.48046875,649.90234375,-985.3515625
815,1645722268387834.8,-714.35546875,-405.2734375,-558.59375,-705.078125
816,1645722268391741.0,-1000.0,-1000.0,-1000.0,-1000.0
817,1645722268395647.2,625.48828125,-242.67578125,-164.55078125,602.5390625
818,1645722268399553.5,-933.10546875,951.171875,648.92578125,-887.20703125
819,1645722268403459.8,-516.6015625,297.8515625,-161.1328125,-410.64453125
820,1645722268407366.0,-1000.0,-1000.0,-1000.0,-1000.0
821,1645722268411272.2,149.4140625,-916.015625,-684.5703125,53.22265625
822,1645722268415178.5,-838.8671875,703.125,481.93359375,-830.56640625
823,1645722268419084.8,123.046875,890.625,363.76953125,349.609375
824,1645722268422991.0,-1000.0,-840.8203125,-896.484375,-1000.0
825,1645722268426897.2,-623.53515625,-1000.0,-925.29296875,-749.51171875
826,1645722268430803.5,943.84765625,691.89453125,455.56640625,891.11328125
827,1645722268434709.8,817.87109375,-981.4453125,637.6953125,910.15625
828,1645722268438616.0,-858.3984375,-649.4140625,-760.25390625,-784.1796875
829,1645722268442522.2,-1000.0,-1000.0,-1000.0,-1000.0
830,1645722268446428.5,699.70703125,479.00390625,205.078125,680.6640625
831,1645722268450334.8,-990.234375,-919.43359375,680.6640625,-989.74609375
832,1645722268454241.0,-695.80078125,-359.86328125,-538.0859375,-687.5
833,1645722268458147.2,-1000.0,-1000.0,-1000.0,-1000.0
834,1645722268462053.5,557.12890625,-192.3828125,-135.25390625,486.328125
835,1645722268465959.8,-893.5546875,-947.265625,725.09765625,-856.93359375
836,1645722268469866.0,-406.25,275.390625,-100.09765625,-296.38671875
837,1645722268473772.2,-1000.0,-1000.0,-1000.0,-1000.0
838,1645722268477678.5,-22.94921875,-645.99609375,-469.23828125,-188.96484375
839,1645722268481584.8,-858.88671875,908.203125,664.55078125,-887.20703125
840,1645722268485491.0,349.12109375,704.1015625,379.39453125,557.12890625
841,1645722268489397.2,-1000.0,-931.15234375,-878.90625,-1000.0
842,1645722268493303.5,-756.8359375,-990.72265625,-839.35546875,-857.91015625
843,1645722268497209.8,871.58203125,699.21875,494.62890625,813.96484375
844,1645722268501116.0,909.1796875,920.8984375,577.63671875,979.00390625
845,1645722268505022.2,-786.62109375,-732.421875,-758.7890625,-726.5625
846,1645722268508928.5,-1000.0,-1000.0,-1000.0,-1000.0
847,1645722268512834.8,682.12890625,219.7265625,83.0078125,677.24609375
848,1645722268516741.0,-980.46875,-889.6484375,659.66796875,-972.16796875
849,1645722268520647.2,-664.55078125,-23.92578125,-372.55859375,-632.8125
850,1645722268524553.5,-1000.0,-1000.0,-1000.0,-1000.0
851,1645722268528459.8,459.47265625,-328.125,-239.2578125,365.72265625
852,1645722268532366.0,-854.4921875,-988.28125,638.671875,-826.171875
853,1645722268536272.2,-247.55859375,564.94140625,91.30859375,-100.5859375
854,1645722268540178.5,-1000.0,-924.31640625,-932.12890625,-1000.0
855,1645722268544084.8,-218.75,-929.19921875,-721.6796875,-415.0390625
856,1645722268547991.0,-904.296875,709.9609375,455.078125,-955.56640625
857,1645722268551897.2,557.6171875,901.3671875,423.33984375,701.66015625
858,1645722268555803.5,-996.09375,-737.3046875,-816.40625,-934.5703125
859,1645722268559709.8,-874.0234375,-1000.0,-1000.0,-956.0546875
860,1645722268563616.0,794.43359375,303.22265625,172.8515625,727.05078125
861,1645722268567522.2,969.7265625,-949.70703125,647.4609375,-989.2578125
862,1645722268571428.5,-741.2109375,-487.3046875,-614.2578125,-708.49609375
863,1645722268575334.8,-1000.0,-1000.0,-1000.0,-1000.0
864,1645722268579241.0,668.9453125,166.9921875,8.30078125,655.76171875
865,1645722268583147.2,-956.54296875,-874.51171875,748.046875,-933.59375
866,1645722268587053.5,-599.609375,93.26171875,-258.30078125,-539.55078125
867,1645722268590959.8,-1000.0,-1000.0,-1000.0,-1000.0
868,1645722268594866.0,347.65625,-376.953125,-239.74609375,246.09375
869,1645722268598772.2,-828.61328125,995.1171875,702.1484375,-807.6171875
870,1645722268602678.5,-59.08203125,482.421875,104.4921875,132.8125
871,1645722268606584.8,-1000.0,-986.328125,-942.3828125,-1000.0
872,1645722268610491.0,-441.89453125,-885.25390625,-710.44921875,-601.5625
873,1645722268614397.2,-975.09765625,757.8125,562.5,969.7265625
874,1645722268618303.5,715.33203125,931.640625,545.8984375,828.125
875,1645722268622209.8,-920.41015625,-756.34765625,-834.9609375,-848.6328125
876,1645722268626116.0,-948.73046875,-1000.0,-996.09375,-1000.0
877,1645722268630022.2,739.74609375,567.3828125,384.27734375,694.82421875
878,1645722268633928.5,999.0234375,-996.58203125,712.40234375,-986.328125
879,1645722268637834.8,-713.8671875,-573.73046875,-625.0,-701.66015625
880,1645722268641741.0,-1000.0,-1000.0,-1000.0,-1000.0
881,1645722268645647.2,628.90625,-108.88671875,-59.5703125,589.84375
882,1645722268649553.5,-926.7578125,950.1953125,660.15625,-892.578125
883,1645722268653459.8,-509.27734375,-209.47265625,-329.1015625,-418.45703125
884,1645722268657366.0,-1000.0,-1000.0,-1000.0,-1000.0
885,1645722268661272.2,169.43359375,-571.77734375,-378.90625,20.5078125
886,1645722268665178.5,-832.03125,869.140625,628.90625,-839.35546875
887,1645722268669084.8,156.73828125,804.6875,303.22265625,343.75
888,1645722268672991.0,-1000.0,-840.33203125,-873.046875,-1000.0
889,1645722268676897.2,-615.72265625,-1000.0,-800.29296875,-755.859375
890,1645722268680803.5,950.68359375,673.828125,439.94140625,882.8125
891,1645722268684709.8,832.51953125,976.5625,529.78515625,920.8984375
892,1645722268688616.0,-843.75,-632.32421875,-705.078125,-775.390625
893,1645722268692522.2,-1000.0,-1000.0,-1000.0,-1000.0
894,1645722268696428.5,703.125,16.11328125,29.296875,680.17578125
895,1645722268700334.8,-990.72265625,960.44921875,645.5078125,-987.79296875
896,1645722268704241.0,-696.2890625,-186.5234375,-444.3359375,-690.4296875
897,1645722268708147.2,-1000.0,-1000.0,-1000.0,-1000.0
898,1645722268712053.5,555.17578125,-660.15625,-337.40234375,499.0234375
899,1645722268715959.8,-884.765625,816.89453125,643.06640625,-844.23828125
900,1645722268719866.0,-396.97265625,394.04296875,0.9765625,-269.53125
901,1645722268723772.2,-1000.0,-1000.0,-1000.0,-1000.0
902,1645722268727678.5,41.015625,-684.5703125,-515.625,-83.49609375
903,1645722268731584.8,-835.44921875,835.9375,593.26171875,-849.12109375
904,1645722268735491.0,368.65234375,877.9296875,406.73828125,551.26953125
905,1645722268739397.2,-1000.0,-780.2734375,-859.375,-994.62890625
906,1645722268743303.5,-762.20703125,-1000.0,-905.2734375,-865.72265625
907,1645722268747209.8,873.046875,595.703125,449.70703125,812.01171875
908,1645722268751116.0,916.015625,-971.19140625,666.9921875,979.00390625
909,1645722268755022.2,-778.80859375,-618.65234375,-699.70703125,-727.05078125
910,1645722268758928.5,-1000.0,-1000.0,-1000.0,-1000.0
911,1645722268762834.8,682.6171875,334.47265625,156.73828125,675.78125
912,1645722268766741.0,-979.4921875,-913.0859375,727.5390625,-968.26171875
913,1645722268770647.2,-663.57421875,-260.7421875,-478.02734375,-628.90625
914,1645722268774553.5,-1000.0,-1000.0,-1000.0,-1000.0
915,1645722268778459.8,461.42578125,-349.12109375,-186.5234375,369.62890625
916,1645722268782366.0,-853.515625,977.05078125,710.44921875,-822.265625
917,1645722268786272.2,-239.2578125,141.11328125,-136.23046875,-72.75390625
918,1645722268790178.5,-1000.0,-1000.0,-1000.0,-1000.0
919,1645722268794084.8,-224.12109375,-753.90625,-565.4296875,-413.57421875
920,1645722268797991.0,-905.2734375,786.62109375,534.1796875,-953.61328125
921,1645722268801897.2,576.66015625,553.7109375,270.99609375,714.35546875
922,1645722268805803.5,-990.234375,-973.14453125,-892.08984375,-926.26953125
923,1645722268809709.8,-867.67578125,-1000.0,-863.28125,-953.125
924,1645722268813616.0,803.7109375,557.6171875,376.953125,735.3515625
925,1645722268817522.2,972.65625,-963.37890625,578.61328125,-989.74609375
926,1645722268821428.5,-735.3515625,-525.87890625,-639.6484375,-710.44921875
927,1645722268825334.8,-1000.0,-1000.0,-1000.0,-1000.0
928,1645722268829241.0,666.50390625,-14.16015625,-48.33984375,656.25
929,1645722268833147.2,-945.3125,-970.21484375,614.74609375,-918.9453125
930,1645722268837053.5,-587.890625,-81.0546875,-346.19140625,-515.13671875
931,1645722268840959.8,-1000.0,-1000.0,-1000.0,-1000.0
932,1645722268844866.0,369.140625,-618.65234375,-382.32421875,256.34765625
933,1645722268848772.2,-816.89453125,839.35546875,671.875,-804.19921875
934,1645722268852678.5,4.8828125,692.3828125,312.98828125,172.8515625
935,1645722268856584.8,-1000.0,-880.37109375,-891.11328125,-1000.0
936,1645722268860491.0,-390.13671875,-1000.0,-833.984375,-582.51953125
937,1645722268864397.2,-952.1484375,558.10546875,485.3515625,982.91015625
938,1645722268868303.5,740.234375,979.98046875,575.1953125,833.49609375
939,1645722268872209.8,-894.04296875,-707.03125,-787.59765625,-836.9140625
940,1645722268876116.0,-939.453125,-1000.0,-1000.0,-1000.0
941,1645722268880022.2,759.27734375,397.4609375,229.4921875,697.75390625
942,1645722268883928.5,999.51171875,-924.31640625,699.21875,-985.83984375
943,1645722268887834.8,-711.9140625,-389.16015625,-544.921875,-705.078125
944,1645722268891741.0,-1000.0,-1000.0,-1000.0,-1000.0
945,1645722268895647.2,634.765625,-38.0859375,-69.82421875,599.609375
946,1645722268899553.5,-907.2265625,-916.015625,727.05078125,-882.32421875
947,1645722268903459.8,-480.95703125,201.66015625,-152.34375,-399.4140625
948,1645722268907366.0,-1000.0,-1000.0,-1000.0,-1000.0
949,1645722268911272.2,225.09765625,-583.984375,-397.94921875,51.7578125
950,1645722268915178.5,-815.4296875,916.50390625,666.015625,-829.1015625
951,1645722268919084.8,210.44921875,660.64453125,251.46484375,376.953125
952,1645722268922991.0,-1000.0,-902.34375,-893.06640625,-1000.0
953,1645722268926897.2,-597.16796875,-1000.0,-838.8671875,-750.9765625
954,1645722268930803.5,965.8203125,642.578125,459.47265625,891.11328125
955,1645722268934709.8,842.7734375,954.1015625,536.1328125,924.31640625
956,1645722268938616.0,-826.171875,-738.28125,-804.19921875,-766.6015625
957,1645722268942522.2,-1000.0,-1000.0,-1000.0,-1000.0
958,1645722268946428.5,708.984375,471.6796875,252.44140625,679.6875
959,1645722268950334.8,-990.234375,974.609375,645.99609375,-984.375
960,1645722268954241.0,-698.2421875,-596.6796875,-574.21875,-684.5703125
961,1645722268958147.2,-1000.0,-1000.0,-1000.0,-1000.0
962,1645722268962053.5,566.89453125,-183.10546875,-136.71875,495.60546875
963,1645722268965959.8,-881.8359375,-968.26171875,678.7109375,-847.65625
964,1645722268969866.0,-369.62890625,368.1640625,-37.109375,-259.765625
965,1645722268973772.2,-1000.0,-1000.0,-979.00390625,-1000.0
966,1645722268977678.5,10.7421875,-829.58984375,-619.62890625,-164.0625
967,1645722268981584.8,-855.46875,785.15625,509.27734375,-879.39453125
968,1645722268985491.0,411.62109375,890.13671875,401.85546875,581.0546875
969,1645722268989397.2,-1000.0,-761.71875,-833.49609375,-996.09375
970,1645722268993303.5,-754.8828125,-1000.0,-902.34375,-856.4453125
971,1645722268997209.8,882.8125,449.70703125,375.48828125,821.77734375
972,1645722269001116.0,917.48046875,985.83984375,632.32421875,979.4921875
973,1645722269005022.2,-773.4375,-540.52734375,-643.5546875,-722.65625
974,1645722269008928.5,-1000.0,-1000.0,-1000.0,-1000.0
975,1645722269012834.8,682.6171875,-324.21875,-78.61328125,673.828125
976,1645722269016741.0,-976.5625,902.83203125,689.453125,-962.890625
977,1645722269020647.2,-661.62109375,-207.03125,-429.19921875,-620.1171875
978,1645722269024553.5,-1000.0,-1000.0,-1000.0,-1000.0
979,1645722269028459.8,465.33203125,-348.14453125,-204.1015625,372.0703125
980,1645722269032366.0,-849.12109375,979.4921875,713.8671875,-822.75390625
981,1645722269036272.2,-220.21484375,357.421875,14.6484375,-76.66015625
982,1645722269040178.5,-1000.0,-1000.0,-996.58203125,-1000.0
983,1645722269044084.8,-219.23828125,-802.24609375,-616.2109375,-416.015625
984,1645722269047991.0,-901.3671875,788.57421875,593.26171875,-954.58984375
985,1645722269051897.2,575.68359375,920.41015625,478.515625,715.33203125
986,1645722269055803.5,-988.28125,-759.765625,-850.09765625,-926.26953125
987,1645722269059709.8,-873.046875,-1000.0,-925.29296875,-953.125
988,1645722269063616.0,799.31640625,587.40234375,405.2734375,735.3515625
989,1645722269067522.2,971.19140625,-994.62890625,645.99609375,-989.74609375
990,1645722269071428.5,-738.28125,-614.74609375,-689.453125,-709.9609375
991,1645722269075334.8,-1000.0,-1000.0,-1000.0,-1000.0
992,1645722269079241.0,669.43359375,170.41015625,44.921875,657.71484375
993,1645722269083147.2,-955.078125,-975.09765625,691.40625,-924.8046875
994,1645722269087053.5,-595.21484375,-346.6796875,-502.9296875,-517.08984375
995,1645722269090959.8,-1000.0,-1000.0,-1000.0,-1000.0
996,1645722269094866.0,334.9609375,-541.9921875,-318.84765625,223.14453125
997,1645722269098772.2,-829.58984375,828.61328125,643.5546875,-812.01171875
998,1645722269102678.5,-40.0390625,153.3203125,-76.66015625,150.390625
999,1645722269106584.8,-1000.0,-1000.0,-1000.0,-1000.0
1000,1645722269110491.0,-440.4296875,-852.05078125,-674.8046875,-607.421875
1001,1645722269114397.2,-973.6328125,685.546875,460.9375,968.75
1002,1645722269118303.5,723.6328125,915.0390625,403.80859375,828.125
1003,1645722269122209.8,-913.0859375,-722.65625,-806.640625,-848.6328125
1004,1645722269126116.0,-951.66015625,-1000.0,-948.2421875,-1000.0
1005,1645722269130022.2,738.28125,434.08203125,265.625,692.87109375
1006,1645722269133928.5,-999.51171875,-965.8203125,635.25390625,-985.83984375
1007,1645722269137834.8,-717.7734375,-466.796875,-550.29296875,-707.51953125
1008,1645722269141741.0,-1000.0,-1000.0,-1000.0,-1000.0
1009,1645722269145647.2,625.0,-324.70703125,-121.58203125,585.44921875
1010,1645722269149553.5,977.5390625,890.13671875,582.51953125,-985.83984375
1011,1645722269153459.8,-535.15625,101.5625,-234.375,-440.4296875
1012,1645722269157366.0,-1000.0,-1000.0,-1000.0,-1000.0
1013,1645722269161272.2,157.2265625,-913.0859375,-661.1328125,23.4375
1014,1645722269165178.5,-828.125,666.015625,520.5078125,-832.03125
1015,1645722269169084.8,181.15234375,837.890625,394.53125,370.60546875
1016,1645722269172991.0,-1000.0,-865.234375,-891.11328125,-1000.0
1017,1645722269176897.2,-622.0703125,-1000.0,-934.5703125,-757.8125
1018,1645722269180803.5,949.21875,638.18359375,431.15234375,886.71875
1019,1645722269184709.8,839.35546875,-997.0703125,621.09375,919.921875
1020,1645722269188616.0,-836.42578125,-670.41015625,-769.04296875,-774.4140625
1021,1645722269192522.2,-1000.0,-1000.0,-1000.0,-1000.0
1022,1645722269196428.5,713.37890625,418.45703125,197.75390625,690.4296875
1023,1645722269200334.8,999.0234375,-941.89453125,676.26953125,-998.53515625
1024,1645722269204241.0,-698.73046875,-393.5546875,-548.33984375,-688.4765625
1025,1645722269208147.2,-886.23046875,-1000.0,-1000.0,-911.1328125
1026,1645722269212053.5,633.7890625,-252.9296875,-98.14453125,562.01171875
1027,1645722269215959.8,-920.41015625,977.5390625,690.4296875,-885.25390625
1028,1645722269219866.0,-371.58203125,238.28125,-110.83984375,-255.37109375
1029,1645722269223772.2,-1000.0,-1000.0,-1000.0,-1000.0
1030,1645722269227678.5,-27.83203125,-723.14453125,-501.46484375,-195.80078125
1031,1645722269231584.8,-857.421875,855.95703125,638.18359375,-887.6953125
1032,1645722269235491.0,389.6484375,714.35546875,363.76953125,577.1484375
1033,1645722269239397.2,-1000.0,-928.22265625,-878.41796875,-1000.0
1034,1645722269243303.5,-759.27734375,-1000.0,-848.14453125,-863.28125
1035,1645722269247209.8,875.0,644.04296875,472.16796875,812.98828125
1036,1645722269251116.0,917.48046875,953.61328125,614.2578125,980.95703125
1037,1645722269255022.2,-776.3671875,-701.171875,-732.91015625,-724.609375
1038,1645722269258928.5,-1000.0,-1000.0,-1000.0,-1000.0
1039,1645722269262834.8,682.12890625,318.359375,138.671875,674.8046875
1040,1645722269266741.0,-977.05078125,-952.63671875,611.328125,-964.35546875
1041,1645722269270647.2,-660.64453125,-312.98828125,-480.95703125,-621.09375
1042,1645722269274553.5,-1000.0,-1000.0,-1000.0,-1000.0
1043,1645722269278459.8,457.51953125,-411.62109375,-254.39453125,367.67578125
1044,1645722269282366.0,-851.07421875,940.4296875,617.1875,-822.265625
1045,1645722269286272.2,-222.65625,506.34765625,85.9375,-72.265625
1046,1645722269290178.5,-1000.0,-960.9375,-942.87109375,-1000.0
1047,1645722269294084.8,-242.1875,-971.19140625,-726.5625,-417.96875
1048,1645722269297991.0,-909.1796875,635.7421875,461.42578125,-956.0546875
1049,1645722269301897.2,579.58984375,878.41796875,433.59375,724.609375
1050,1645722269305803.5,-988.76953125,-746.09375,-812.98828125,-920.8984375
1051,1645722269309709.8,-876.953125,-1000.0,-999.0234375,-954.58984375
1052,1645722269313616.0,794.921875,230.46875,188.4765625,736.328125
1053,1645722269317522.2,972.16796875,-976.07421875,678.7109375,-990.234375
1054,1645722269321428.5,-737.79296875,-475.09765625,-596.19140625,-709.47265625
1055,1645722269325334.8,-1000.0,-1000.0,-1000.0,-1000.0
1056,1645722269329241.0,667.96875,-23.4375,-19.53125,657.2265625
1057,1645722269333147.2,-954.1015625,-929.6875,725.09765625,-928.7109375
1058,1645722269337053.5,-591.796875,78.61328125,-259.27734375,-523.92578125
1059,1645722269340959.8,-1000.0,-1000.0,-1000.0,-1000.0
1060,1645722269344866.0,328.125,-530.2734375,-342.7734375,217.28515625
1061,1645722269348772.2,-829.58984375,929.19921875,670.8984375,-814.453125
1062,1645722269352678.5,-32.71484375,530.76171875,145.5078125,143.5546875
1063,1645722269356584.8,-1000.0,-991.2109375,-946.2890625,-1000.0
1064,1645722269360491.0,-450.68359375,-900.390625,-718.26171875,-612.3046875
1065,1645722269364397.2,-977.5390625,748.046875,547.36328125,963.8671875
1066,1645722269368303.5,726.5625,930.6640625,544.43359375,834.9609375
1067,1645722269372209.8,-912.109375,-753.90625,-811.03515625,-843.75
1068,1645722269376116.0,-953.125,-1000.0,-969.23828125,-1000.0
1069,1645722269380022.2,742.67578125,538.57421875,372.0703125,699.70703125
1070,1645722269383928.5,993.65234375,995.1171875,676.7578125,-992.1875
1071,1645722269387834.8,-710.44921875,-565.91796875,-617.67578125,-701.171875
1072,1645722269391741.0,-958.984375,-1000.0,-1000.0,-967.7734375
1073,1645722269395647.2,659.66796875,-163.57421875,-97.65625,625.48828125
1074,1645722269399553.5,-939.453125,912.109375,653.80859375,-903.3203125
1075,1645722269403459.8,-494.140625,-269.53125,-339.35546875,-395.01953125
1076,1645722269407366.0,-1000.0,-1000.0,-1000.0,-1000.0
1077,1645722269411272.2,160.15625,-541.015625,-383.7890625,12.6953125
1078,1645722269415178.5,-830.56640625,864.2578125,613.76953125,-838.8671875
1079,1645722269419084.8,190.4296875,742.1875,253.41796875,367.1875
1080,1645722269422991.0,-1000.0,-859.86328125,-876.46484375,-1000.0
1081,1645722269426897.2,-620.60546875,-992.1875,-801.26953125,-762.20703125
1082,1645722269430803.5,951.171875,682.12890625,447.265625,881.34765625
1083,1645722269434709.8,839.84375,974.12109375,545.41015625,924.8046875
1084,1645722269438616.0,-834.9609375,-637.20703125,-723.6328125,-771.484375
1085,1645722269442522.2,-1000.0,-1000.0,-1000.0,-1000.0
1086,1645722269446428.5,701.66015625,8.30078125,13.671875,680.6640625
1087,1645722269450334.8,-990.72265625,954.1015625,629.8828125,-987.3046875
1088,1645722269454241.0,-696.2890625,-175.29296875,-441.40625,-685.05859375
1089,1645722269458147.2,-1000.0,-1000.0,-1000.0,-1000.0
1090,1645722269462053.5,551.7578125,-655.76171875,-334.9609375,484.375
1091,1645722269465959.8,-883.30078125,828.61328125,655.2734375,-852.05078125
1092,1645722269469866.0,-376.46484375,434.08203125,7.32421875,-267.578125
1093,1645722269473772.2,-1000.0,-1000.0,-1000.0,-1000.0
1094,1645722269477678.5,-32.71484375,-812.98828125,-602.05078125,-214.35546875
1095,1645722269481584.8,-857.91015625,781.73828125,548.828125,-892.578125
1096,1645722269485491.0,407.2265625,899.90234375,419.43359375,578.61328125
1097,1645722269489397.2,-1000.0,-795.8984375,-871.09375,-1000.0
1098,1645722269493303.5,-766.11328125,-1000.0,-901.3671875,-865.72265625
1099,1645722269497209.8,872.55859375,645.01953125,457.03125,809.08203125
1100,1645722269501116.0,920.41015625,996.09375,636.23046875,981.93359375
1101,1645722269505022.2,-773.92578125,-658.69140625,-719.7265625,-724.12109375
1102,1645722269508928.5,-1000.0,-1000.0,-1000.0,-1000.0
1103,1645722269512834.8,681.640625,319.3359375,136.71875,674.8046875
1104,1645722269516741.0,-977.05078125,-921.38671875,721.6796875,-964.35546875
1105,1645722269520647.2,-659.1796875,-277.34375,-462.890625,-620.1171875
1106,1645722269524553.5,-1000.0,-1000.0,-1000.0,-1000.0
1107,1645722269528459.8,455.56640625,-333.49609375,-177.24609375,363.76953125
1108,1645722269532366.0,-850.09765625,983.88671875,716.796875,-821.2890625
1109,1645722269536272.2,-221.19140625,206.54296875,-84.9609375,-66.89453125
1110,1645722269540178.5,-1000.0,-1000.0,-1000.0,-1000.0
1111,1645722269544084.8,-240.72265625,-777.34375,-593.75,-422.36328125
1112,1645722269547991.0,-908.203125,780.76171875,531.73828125,-957.51953125
1113,1645722269551897.2,576.171875,650.390625,306.15234375,730.95703125
1114,1645722269555803.5,-989.74609375,-889.6484375,-867.1875,-916.9921875
1115,1645722269559709.8,-877.44140625,-1000.0,-899.4140625,-957.03125
1116,1645722269563616.0,793.45703125,473.6328125,328.61328125,734.86328125
1117,1645722269567522.2,972.16796875,-944.82421875,592.28515625,-990.234375
1118,1645722269571428.5,-737.79296875,-490.72265625,-615.234375,-708.49609375
1119,1645722269575334.8,-1000.0,-1000.0,-1000.0,-1000.0
1120,1645722269579241.0,666.9921875,-24.90234375,-34.1796875,654.296875
1121,1645722269583147.2,-954.58984375,-956.54296875,666.50390625,-928.22265625
1122,1645722269587053.5,-590.33203125,7.8125,-307.12890625,-522.4609375
1123,1645722269590959.8,-1000.0,-1000.0,-1000.0,-1000.0
1124,1645722269594866.0,318.359375,-631.8359375,-414.0625,209.9609375
1125,1645722269598772.2,-828.61328125,833.49609375,585.9375,-814.453125
1126,1645722269602678.5,-20.01953125,723.14453125,288.57421875,155.2734375
1127,1645722269606584.8,-1000.0,-877.9296875,-887.6953125,-1000.0
1128,1645722269610491.0,-458.984375,-1000.0,-826.171875,-615.234375
1129,1645722269614397.2,-979.98046875,641.11328125,499.51171875,964.35546875
1130,1645722269618303.5,726.5625,937.5,538.0859375,833.984375
1131,1645722269622209.8,-913.0859375,-739.2578125,-816.40625,-844.7265625
1132,1645722269626116.0,-953.125,-1000.0,-1000.0,-1000.0
1133,1645722269630022.2,736.328125,341.796875,173.33984375,693.359375
1134,1645722269633928.5,-999.0234375,-932.12890625,689.94140625,-986.81640625
1135,1645722269637834.8,-711.9140625,-407.71484375,-533.69140625,-701.171875
1136,1645722269641741.0,-1000.0,-1000.0,-1000.0,-1000.0
1137,1645722269645647.2,625.9765625,-7.32421875,-54.6875,581.54296875
1138,1645722269649553.5,-919.43359375,-909.1796875,732.91015625,-887.20703125
1139,1645722269653459.8,-493.1640625,184.08203125,-151.85546875,-406.73828125
1140,1645722269657366.0,-1000.0,-1000.0,-1000.0,-1000.0
1141,1645722269661272.2,160.15625,-596.6796875,-395.5078125,17.08984375
1142,1645722269665178.5,-831.0546875,908.203125,681.15234375,-837.40234375
1143,1645722269669084.8,182.6171875,665.52734375,279.296875,385.25390625
1144,1645722269672991.0,-1000.0,-900.87890625,-882.32421875,-1000.0
1145,1645722269676897.2,-625.48828125,-1000.0,-846.19140625,-753.41796875
1146,1645722269680803.5,946.77734375,642.578125,453.125,889.16015625
1147,1645722269684709.8,841.30859375,952.1484375,521.484375,924.8046875
1148,1645722269688616.0,-835.44921875,-737.79296875,-802.24609375,-766.6015625
1149,1645722269692522.2,-1000.0,-1000.0,-1000.0,-1000.0
1150,1645722269696428.5,701.66015625,401.85546875,212.890625,680.6640625
1151,1645722269700334.8,-990.72265625,-951.66015625,673.828125,-987.79296875
1152,1645722269704241.0,-695.80078125,-354.00390625,-514.6484375,-684.5703125
1153,1645722269708147.2,-1000.0,-1000.0,-1000.0,-1000.0
1154,1645722269712053.5,547.8515625,-210.44921875,-145.99609375,479.4921875
1155,1645722269715959.8,-881.34765625,-964.35546875,668.9453125,-850.09765625
1156,1645722269719866.0,-369.62890625,379.39453125,-46.38671875,-264.16015625
1157,1645722269723772.2,-1000.0,-1000.0,-984.375,-1000.0
1158,1645722269727678.5,-37.59765625,-808.59375,-602.05078125,-205.56640625
1159,1645722269731584.8,-858.3984375,809.08203125,514.16015625,-889.6484375
1160,1645722269735491.0,404.78515625,843.75,384.765625,578.61328125
1161,1645722269739397.2,-1000.0,-796.875,-834.9609375,-999.0234375
1162,1645722269743303.5,-771.97265625,-1000.0,-903.3203125,-868.65234375
1163,1645722269747209.8,867.1875,415.52734375,314.453125,807.12890625
1164,1645722269751116.0,922.36328125,976.5625,611.81640625,982.91015625
1165,1645722269755022.2,-773.4375,-526.85546875,-622.55859375,-724.12109375
1166,1645722269758928.5,-1000.0,-1000.0,-1000.0,-1000.0
1167,1645722269762834.8,681.15234375,-286.1328125,-61.5234375,675.29296875
1168,1645722269766741.0,-978.02734375,922.36328125,704.58984375,-965.33203125
1169,1645722269770647.2,-658.69140625,-161.62109375,-409.1796875,-620.1171875
1170,1645722269774553.5,-1000.0,-1000.0,-1000.0,-1000.0
1171,1645722269778459.8,445.80078125,-509.765625,-308.10546875,355.95703125
1172,1645722269782366.0,-847.65625,921.875,701.66015625,-821.77734375
1173,1645722269786272.2,-204.58984375,574.70703125,146.484375,-65.91796875
1174,1645722269790178.5,-1000.0,-969.7265625,-949.21875,-1000.0
1175,1645722269794084.8,-251.46484375,-913.57421875,-695.80078125,-429.19921875
1176,1645722269797991.0,-910.64453125,738.76953125,558.10546875,-960.44921875
1177,1645722269801897.2,584.9609375,939.453125,510.25390625,732.91015625
1178,1645722269805803.5,-985.83984375,-756.34765625,-849.609375,-916.9921875
1179,1645722269809709.8,-881.34765625,-1000.0,-925.78125,-956.54296875
1180,1645722269813616.0,791.015625,572.75390625,407.71484375,735.83984375
1181,1645722269817522.2,973.14453125,-981.93359375,642.08984375,-990.72265625
1182,1645722269821428.5,-736.81640625,-601.5625,-691.89453125,-708.984375
1183,1645722269825334.8,-1000.0,-1000.0,-1000.0,-1000.0
1184,1645722269829241.0,665.0390625,198.2421875,60.546875,653.3203125
1185,1645722269833147.2,-953.125,-947.75390625,705.56640625,-923.33984375
1186,1645722269837053.5,-586.9140625,-311.5234375,-490.72265625,-513.18359375
1187,1645722269840959.8,-1000.0,-1000.0,-1000.0,-1000.0
1188,1645722269844866.0,318.359375,-415.0390625,-239.2578125,215.33203125
1189,1645722269848772.2,-830.078125,908.203125,682.12890625,-813.4765625
1190,1645722269852678.5,-25.390625,357.91015625,82.51953125,151.3671875
1191,1645722269856584.8,-1000.0,-1000.0,-964.84375,-1000.0
1192,1645722269860491.0,-462.40234375,-940.4296875,-743.1640625,-619.62890625
1193,1645722269864397.2,-982.421875,655.2734375,450.68359375,961.9140625
1194,1645722269868303.5,732.421875,944.3359375,417.48046875,833.0078125
1195,1645722269872209.8,-909.1796875,-717.28515625,-804.6875,-846.19140625
1196,1645722269876116.0,-957.03125,-1000.0,-940.4296875,-1000.0
1197,1645722269880022.2,733.88671875,454.1015625,258.7890625,690.4296875
1198,1645722269883928.5,-998.53515625,-928.7109375,619.62890625,-986.328125
1199,1645722269887834.8,-711.42578125,-373.53515625,-527.34375,-701.66015625
1200,1645722269891741.0,-1000.0,-1000.0,-1000.0,-1000.0
1201,1645722269895647.2,622.0703125,-334.47265625,-127.44140625,582.51953125
1202,1645722269899553.5,-919.43359375,922.36328125,688.4765625,-883.7890625
1203,1645722269903459.8,-490.72265625,273.4375,-122.0703125,-396.97265625
1204,1645722269907366.0,-1000.0,-1000.0,-1000.0,-1000.0
1205,1645722269911272.2,146.97265625,-839.35546875,-610.83984375,13.18359375
1206,1645722269915178.5,-832.51953125,763.18359375,537.59765625,-837.890625
1207,1645722269919084.8,193.84765625,761.71875,333.0078125,381.34765625
1208,1645722269922991.0,-1000.0,-877.44140625,-888.671875,-1000.0
1209,1645722269926897.2,-634.27734375,-1000.0,-936.5234375,-767.578125
1210,1645722269930803.5,942.87109375,630.37109375,440.4296875,880.37109375
1211,1645722269934709.8,844.7265625,-989.2578125,648.4375,921.875
1212,1645722269938616.0,-833.0078125,-658.69140625,-745.1171875,-774.4140625
1213,1645722269942522.2,-1000.0,-1000.0,-1000.0,-1000.0
1214,1645722269946428.5,701.171875,411.1328125,216.796875,680.6640625
1215,1645722269950334.8,-990.72265625,-942.87109375,679.6875,-988.28125
1216,1645722269954241.0,-695.80078125,-395.01953125,-511.23046875,-685.05859375
1217,1645722269958147.2,-1000.0,-1000.0,-1000.0,-1000.0
1218,1645722269962053.5,546.875,-245.1171875,-127.44140625,478.02734375
1219,1645722269965959.8,-880.859375,-980.46875,743.65234375,-848.14453125
1220,1645722269969866.0,-366.2109375,232.91015625,-101.5625,-253.90625
1221,1645722269973772.2,-1000.0,-1000.0,-1000.0,-1000.0
1222,1645722269977678.5,-42.96875,-710.44921875,-514.16015625,-211.42578125
1223,1645722269981584.8,-859.375,858.88671875,616.69921875,-890.625
1224,1645722269985491.0,412.109375,743.1640625,393.06640625,587.890625
1225,1645722269989397.2,-1000.0,-908.69140625,-875.9765625,-995.1171875
1226,1645722269993303.5,-771.97265625,-1000.0,-856.93359375,-870.60546875
1227,1645722269997209.8,868.65234375,648.4375,470.21484375,807.6171875
1228,1645722270001116.0,920.8984375,916.50390625,564.94140625,982.421875
1229,1645722270005022.2,-774.4140625,-744.140625,-760.25390625,-724.12109375
1230,1645722270008928.5,-1000.0,-1000.0,-1000.0,-1000.0
1231,1645722270012834.8,681.15234375,282.71484375,91.30859375,676.7578125
1232,1645722270016741.0,-976.5625,-927.24609375,618.1640625,-968.75
1233,1645722270020647.2,-656.25,-158.69140625,-405.2734375,-623.53515625
1234,1645722270024553.5,-1000.0,-1000.0,-1000.0,-1000.0
1235,1645722270028459.8,444.82421875,-488.28125,-294.921875,349.12109375
1236,1645722270032366.0,-847.65625,922.36328125,637.20703125,-821.2890625
1237,1645722270036272.2,-205.078125,539.55078125,127.44140625,-65.4296875
1238,1645722270040178.5,-1000.0,-948.73046875,-937.98828125,-1000.0
1239,1645722270044084.8,-255.859375,-991.69921875,-735.83984375,-427.24609375
1240,1645722270047991.0,-912.59765625,600.09765625,447.265625,-959.9609375
1241,1645722270051897.2,589.84375,887.6953125,440.91796875,735.3515625
1242,1645722270055803.5,-983.3984375,-735.83984375,-820.80078125,-914.0625
1243,1645722270059709.8,-883.30078125,-1000.0,-1000.0,-958.49609375
1244,1645722270063616.0,789.55078125,220.21484375,190.91796875,734.375
1245,1645722270067522.2,974.609375,-976.07421875,707.03125,-990.72265625
1246,1645722270071428.5,-735.83984375,-447.75390625,-569.3359375,-707.51953125
1247,1645722270075334.8,-1000.0,-1000.0,-1000.0,-1000.0
1248,1645722270079241.0,664.0625,-79.1015625,-22.4609375,650.87890625
1249,1645722270083147.2,-951.66015625,-932.6171875,742.1875,-930.6640625
1250,1645722270087053.5,-584.47265625,28.80859375,-293.45703125,-524.4140625
1251,1645722270090959.8,-1000.0,-1000.0,-1000.0,-1000.0
1252,1645722270094866.0,313.96484375,-468.75,-299.8046875,197.265625
1253,1645722270098772.2,-828.125,950.1953125,689.453125,-815.4296875
1254,1645722270102678.5,-11.23046875,556.15234375,168.45703125,161.1328125
1255,1645722270106584.8,-1000.0,-970.703125,-935.05859375,-1000.0
1256,1645722270110491.0,-459.47265625,-896.97265625,-724.12109375,-620.1171875
1257,1645722270114397.2,-979.98046875,758.30078125,568.359375,962.40234375
1258,1645722270118303.5,735.83984375,931.640625,551.7578125,835.9375
1259,1645722270122209.8,-905.2734375,-750.0,-834.9609375,-842.7734375
1260,1645722270126116.0,-958.0078125,-1000.0,-982.421875,-1000.0
1261,1645722270130022.2,733.88671875,540.52734375,379.8828125,689.453125
1262,1645722270133928.5,-999.0234375,990.72265625,690.91796875,-986.328125
1263,1645722270137834.8,-711.42578125,-586.9140625,-671.38671875,-699.70703125
1264,1645722270141741.0,-1000.0,-1000.0,-1000.0,-1000.0
1265,1645722270145647.2,620.1171875,-162.59765625,-84.9609375,574.70703125
1266,1645722270149553.5,-917.96875,949.21875,666.50390625,-885.7421875
1267,1645722270153459.8,-487.3046875,-63.4765625,-214.84375,-401.85546875
1268,1645722270157366.0,-1000.0,-1000.0,-1000.0,-1000.0
1269,1645722270161272.2,144.53125,-589.35546875,-404.78515625,2.44140625
1270,1645722270165178.5,-830.56640625,861.328125,602.5390625,-840.33203125
1271,1645722270169084.8,212.40234375,744.62890625,243.65234375,397.94921875
1272,1645722270172991.0,-1000.0,-853.515625,-876.46484375,-1000.0
